ficha,concepto,calidad_ficha,mejor_similitud,similitud_promedio,fuente,tipo_fuente,ubicacion,pagina_o_bloque,similitud,detalle_similitud,cita_textual,fragmento_id,ruta_fuente,ubicaciones_agrupadas,observacion
1,45-65 innovating,baja,0.0857,0.0672,Sawyer-2008-Optimizing-learning.pdf,pdf,p. 187,187,0.0857,tfidf=0.0757; bonus=0.0100,"• Appropriate atmosphere for innovation • Flexibility in the development of innovation INNOVATING TO LEARN, LEARNING TO INNOVATE – ISBN-978-92-64-04797-6 © OECD 2008",Sawyer_2008_Optimizing_learning_7b85d8e009_b0187_f003,D:\Documentos\AulaTeX-Academico\IIIEPE\maestria-en-enseñanza-y-aprendizaje-de-las-matematicas\fundamentos-para-la-enseñanza-y-el-aprendizaje-I\referencias\lecturas-complementarias\Sawyer-2008-Optimizing-learning.pdf,"Sawyer-2008-Optimizing-learning.pdf, p. 178; Sawyer-2008-Optimizing-learning.pdf, p. 180; Sawyer-2008-Optimizing-learning.pdf, p. 183; Sawyer-2008-Optimizing-learning.pdf, p. 187; Sawyer-2008-Optimizing-learning.pdf, p. 217; Sawyer-2008-Optimizing-learning.pdf, p. 235; Sawyer-2008-Optimizing-learning.pdf, p. 240; Sawyer-2008-Optimizing-learning.pdf, p. 72",La ficha presenta coincidencias débiles; se recomienda validar manualmente las citas. Se agruparon varias referencias dentro de la misma fuente. Hay 7 referencia(s) de baja similitud que podrían introducir ruido.
1,45-65 innovating,baja,0.0857,0.0672,Sawyer-2008-Optimizing-learning.pdf,pdf,p. 180,180,0.076,tfidf=0.0660; bonus=0.0100,"In these cases there are federal programmes allowing the introduction of innovation. INNOVATING TO LEARN, LEARNING TO INNOVATE – ISBN-978-92-64-04797-6 © OECD 2008",Sawyer_2008_Optimizing_learning_7b85d8e009_b0180_f003,D:\Documentos\AulaTeX-Academico\IIIEPE\maestria-en-enseñanza-y-aprendizaje-de-las-matematicas\fundamentos-para-la-enseñanza-y-el-aprendizaje-I\referencias\lecturas-complementarias\Sawyer-2008-Optimizing-learning.pdf,"Sawyer-2008-Optimizing-learning.pdf, p. 178; Sawyer-2008-Optimizing-learning.pdf, p. 180; Sawyer-2008-Optimizing-learning.pdf, p. 183; Sawyer-2008-Optimizing-learning.pdf, p. 187; Sawyer-2008-Optimizing-learning.pdf, p. 217; Sawyer-2008-Optimizing-learning.pdf, p. 235; Sawyer-2008-Optimizing-learning.pdf, p. 240; Sawyer-2008-Optimizing-learning.pdf, p. 72",La ficha presenta coincidencias débiles; se recomienda validar manualmente las citas. Se agruparon varias referencias dentro de la misma fuente. Hay 7 referencia(s) de baja similitud que podrían introducir ruido.
1,45-65 innovating,baja,0.0857,0.0672,Sawyer-2008-Optimizing-learning.pdf,pdf,p. 217,217,0.0712,tfidf=0.0612; bonus=0.0100,"Sancho Gill, OECD Mexico International Conference, “Emerging Models of Learning and Innovation”, June 2006. INNOVATING TO LEARN, LEARNING TO INNOVATE – ISBN-978-92-64-04797-6 © OECD 2008",Sawyer_2008_Optimizing_learning_7b85d8e009_b0217_f003,D:\Documentos\AulaTeX-Academico\IIIEPE\maestria-en-enseñanza-y-aprendizaje-de-las-matematicas\fundamentos-para-la-enseñanza-y-el-aprendizaje-I\referencias\lecturas-complementarias\Sawyer-2008-Optimizing-learning.pdf,"Sawyer-2008-Optimizing-learning.pdf, p. 178; Sawyer-2008-Optimizing-learning.pdf, p. 180; Sawyer-2008-Optimizing-learning.pdf, p. 183; Sawyer-2008-Optimizing-learning.pdf, p. 187; Sawyer-2008-Optimizing-learning.pdf, p. 217; Sawyer-2008-Optimizing-learning.pdf, p. 235; Sawyer-2008-Optimizing-learning.pdf, p. 240; Sawyer-2008-Optimizing-learning.pdf, p. 72",La ficha presenta coincidencias débiles; se recomienda validar manualmente las citas. Se agruparon varias referencias dentro de la misma fuente. Hay 7 referencia(s) de baja similitud que podrían introducir ruido.
1,45-65 innovating,baja,0.0857,0.0672,Sawyer-2008-Optimizing-learning.pdf,pdf,p. 72,72,0.0686,tfidf=0.0586; bonus=0.0100,"Elsewhere we have referred to it as the “Teacher A” model (Bereiter and Scardamalia, 1987). INNOVATING TO LEARN, LEARNING TO INNOVATE – ISBN-978-92-64-04797-6 © OECD 2008",Sawyer_2008_Optimizing_learning_7b85d8e009_b0072_f003,D:\Documentos\AulaTeX-Academico\IIIEPE\maestria-en-enseñanza-y-aprendizaje-de-las-matematicas\fundamentos-para-la-enseñanza-y-el-aprendizaje-I\referencias\lecturas-complementarias\Sawyer-2008-Optimizing-learning.pdf,"Sawyer-2008-Optimizing-learning.pdf, p. 178; Sawyer-2008-Optimizing-learning.pdf, p. 180; Sawyer-2008-Optimizing-learning.pdf, p. 183; Sawyer-2008-Optimizing-learning.pdf, p. 187; Sawyer-2008-Optimizing-learning.pdf, p. 217; Sawyer-2008-Optimizing-learning.pdf, p. 235; Sawyer-2008-Optimizing-learning.pdf, p. 240; Sawyer-2008-Optimizing-learning.pdf, p. 72",La ficha presenta coincidencias débiles; se recomienda validar manualmente las citas. Se agruparon varias referencias dentro de la misma fuente. Hay 7 referencia(s) de baja similitud que podrían introducir ruido.
1,45-65 innovating,baja,0.0857,0.0672,Sawyer-2008-Optimizing-learning.pdf,pdf,p. 178,178,0.0671,tfidf=0.0571; bonus=0.0100,"The cases included in Annex A are used here to illustrate some of the main concepts. INNOVATING TO LEARN, LEARNING TO INNOVATE – ISBN-978-92-64-04797-6 © OECD 2008",Sawyer_2008_Optimizing_learning_7b85d8e009_b0178_f003,D:\Documentos\AulaTeX-Academico\IIIEPE\maestria-en-enseñanza-y-aprendizaje-de-las-matematicas\fundamentos-para-la-enseñanza-y-el-aprendizaje-I\referencias\lecturas-complementarias\Sawyer-2008-Optimizing-learning.pdf,"Sawyer-2008-Optimizing-learning.pdf, p. 178; Sawyer-2008-Optimizing-learning.pdf, p. 180; Sawyer-2008-Optimizing-learning.pdf, p. 183; Sawyer-2008-Optimizing-learning.pdf, p. 187; Sawyer-2008-Optimizing-learning.pdf, p. 217; Sawyer-2008-Optimizing-learning.pdf, p. 235; Sawyer-2008-Optimizing-learning.pdf, p. 240; Sawyer-2008-Optimizing-learning.pdf, p. 72",La ficha presenta coincidencias débiles; se recomienda validar manualmente las citas. Se agruparon varias referencias dentro de la misma fuente. Hay 7 referencia(s) de baja similitud que podrían introducir ruido.
1,45-65 innovating,baja,0.0857,0.0672,Sawyer-2008-Optimizing-learning.pdf,pdf,p. 235,235,0.0608,tfidf=0.0508; bonus=0.0100,"This experience has existed for at least three decades. INNOVATING TO LEARN, LEARNING TO INNOVATE – ISBN-978-92-64-04797-6 © OECD 2008",Sawyer_2008_Optimizing_learning_7b85d8e009_b0235_f002,D:\Documentos\AulaTeX-Academico\IIIEPE\maestria-en-enseñanza-y-aprendizaje-de-las-matematicas\fundamentos-para-la-enseñanza-y-el-aprendizaje-I\referencias\lecturas-complementarias\Sawyer-2008-Optimizing-learning.pdf,"Sawyer-2008-Optimizing-learning.pdf, p. 178; Sawyer-2008-Optimizing-learning.pdf, p. 180; Sawyer-2008-Optimizing-learning.pdf, p. 183; Sawyer-2008-Optimizing-learning.pdf, p. 187; Sawyer-2008-Optimizing-learning.pdf, p. 217; Sawyer-2008-Optimizing-learning.pdf, p. 235; Sawyer-2008-Optimizing-learning.pdf, p. 240; Sawyer-2008-Optimizing-learning.pdf, p. 72",La ficha presenta coincidencias débiles; se recomienda validar manualmente las citas. Se agruparon varias referencias dentro de la misma fuente. Hay 7 referencia(s) de baja similitud que podrían introducir ruido.
1,45-65 innovating,baja,0.0857,0.0672,Sawyer-2008-Optimizing-learning.pdf,pdf,p. 183,183,0.0547,tfidf=0.0447; bonus=0.0100,"A major task for the leaders of the innovation is related to the premise that “conditions are not awaited but are brought into being” (Hirschman, 1991). INNOVATING TO LEARN, LEARNING TO INNOVATE – ISBN-978-92-64-04797-6 © OECD 2008",Sawyer_2008_Optimizing_learning_7b85d8e009_b0183_f003,D:\Documentos\AulaTeX-Academico\IIIEPE\maestria-en-enseñanza-y-aprendizaje-de-las-matematicas\fundamentos-para-la-enseñanza-y-el-aprendizaje-I\referencias\lecturas-complementarias\Sawyer-2008-Optimizing-learning.pdf,"Sawyer-2008-Optimizing-learning.pdf, p. 178; Sawyer-2008-Optimizing-learning.pdf, p. 180; Sawyer-2008-Optimizing-learning.pdf, p. 183; Sawyer-2008-Optimizing-learning.pdf, p. 187; Sawyer-2008-Optimizing-learning.pdf, p. 217; Sawyer-2008-Optimizing-learning.pdf, p. 235; Sawyer-2008-Optimizing-learning.pdf, p. 240; Sawyer-2008-Optimizing-learning.pdf, p. 72",La ficha presenta coincidencias débiles; se recomienda validar manualmente las citas. Se agruparon varias referencias dentro de la misma fuente. Hay 7 referencia(s) de baja similitud que podrían introducir ruido.
1,45-65 innovating,baja,0.0857,0.0672,Sawyer-2008-Optimizing-learning.pdf,pdf,p. 240,240,0.0533,tfidf=0.0433; bonus=0.0100,"Public authorities urge the Friendship Centre to conform to official norms and introduce pedagogical norms intended to increase the quality of service standards. On INNOVATING TO LEARN, LEARNING TO INNOVATE – ISBN-978-92-64-04797-6 © OECD 2008",Sawyer_2008_Optimizing_learning_7b85d8e009_b0240_f003,D:\Documentos\AulaTeX-Academico\IIIEPE\maestria-en-enseñanza-y-aprendizaje-de-las-matematicas\fundamentos-para-la-enseñanza-y-el-aprendizaje-I\referencias\lecturas-complementarias\Sawyer-2008-Optimizing-learning.pdf,"Sawyer-2008-Optimizing-learning.pdf, p. 178; Sawyer-2008-Optimizing-learning.pdf, p. 180; Sawyer-2008-Optimizing-learning.pdf, p. 183; Sawyer-2008-Optimizing-learning.pdf, p. 187; Sawyer-2008-Optimizing-learning.pdf, p. 217; Sawyer-2008-Optimizing-learning.pdf, p. 235; Sawyer-2008-Optimizing-learning.pdf, p. 240; Sawyer-2008-Optimizing-learning.pdf, p. 72",La ficha presenta coincidencias débiles; se recomienda validar manualmente las citas. Se agruparon varias referencias dentro de la misma fuente. Hay 7 referencia(s) de baja similitud que podrían introducir ruido.
2,capítulo optimizing,sin hallazgos,0.0,0.0,,,,,,,,,,Sin ubicaciones detectadas,No se localizaron fragmentos por encima del umbral configurado. Conviene revisar el concepto o ampliar el corpus.
3,citas textuales,sin hallazgos,0.0,0.0,,,,,,,,,,Sin ubicaciones detectadas,No se localizaron fragmentos por encima del umbral configurado. Conviene revisar el concepto o ampliar el corpus.
4,coincidencias tensiones,sin hallazgos,0.0,0.0,,,,,,,,,,Sin ubicaciones detectadas,No se localizaron fragmentos por encima del umbral configurado. Conviene revisar el concepto o ampliar el corpus.
5,copias locales,baja,0.0616,0.0616,Sawyer-2008-Optimizing-learning.pdf,pdf,p. 174,174,0.0616,tfidf=0.0516; bonus=0.0100,"Cabrero, E. (1995), La Nueva Gestión Municipal en México. Análisis de Experiencias Innovadoras Engobiernos Locales, CIDE/Porrúa, Mexico. Cabrero, E. (1996), “Capacidades Innovadoras de Municipios Mexicanos”, Revista Mexicana de Sociología, No.",Sawyer_2008_Optimizing_learning_7b85d8e009_b0174_f001,D:\Documentos\AulaTeX-Academico\IIIEPE\maestria-en-enseñanza-y-aprendizaje-de-las-matematicas\fundamentos-para-la-enseñanza-y-el-aprendizaje-I\referencias\lecturas-complementarias\Sawyer-2008-Optimizing-learning.pdf,"Sawyer-2008-Optimizing-learning.pdf, p. 174",La ficha presenta coincidencias débiles; se recomienda validar manualmente las citas. Hay 1 referencia(s) de baja similitud que podrían introducir ruido.
6,escuela después,alta,0.2848,0.199,Meirieu-2020-La-escuela-despues-es.pdf,pdf,p. 9,9,0.2848,tfidf=0.2048; bonus=0.0800,"14/9/26, 14:37 «LA ESCUELA DESPUÉS»… ¿CON LA PEDAGOGÍA DE ANTES? Philippe Meirieu – MCEP pocos.",Meirieu_2020_La_escuela_despues_es_36d50aeaf1_b0009_f001,D:\Documentos\AulaTeX-Academico\IIIEPE\maestria-en-enseñanza-y-aprendizaje-de-las-matematicas\fundamentos-para-la-enseñanza-y-el-aprendizaje-I\referencias\lecturas-complementarias\Meirieu-2020-La-escuela-despues-es.pdf,"Meirieu-2020-La-escuela-despues-es.pdf, p. 14; Meirieu-2020-La-escuela-despues-es.pdf, p. 18; Meirieu-2020-La-escuela-despues-es.pdf, p. 21; Meirieu-2020-La-escuela-despues-es.pdf, p. 23; Meirieu-2020-La-escuela-despues-es.pdf, p. 3; Meirieu-2020-La-escuela-despues-es.pdf, p. 4; Meirieu-2020-La-escuela-despues-es.pdf, p. 7; Meirieu-2020-La-escuela-despues-es.pdf, p. 9",La ficha presenta una coincidencia fuerte con el concepto buscado. Se agruparon varias referencias dentro de la misma fuente.
6,escuela después,alta,0.2848,0.199,Meirieu-2020-La-escuela-despues-es.pdf,pdf,p. 18,18,0.2081,tfidf=0.1281; bonus=0.0800,"14/9/26, 14:37 «LA ESCUELA DESPUÉS»… ¿CON LA PEDAGOGÍA DE ANTES? Philippe Meirieu – MCEP Hay varias cosas que me han resultado muy interesantes en este artículo: Qué difícil es que coincidan equipos pedagógicos que se animen a arriesgar y a innovar de verdad y que eso coincida con administraciones descuidadas o desatentas (no sé cuál de las dos situaciones es más complicada que ocurra, probablemente la segunda).",Meirieu_2020_La_escuela_despues_es_36d50aeaf1_b0018_f001,D:\Documentos\AulaTeX-Academico\IIIEPE\maestria-en-enseñanza-y-aprendizaje-de-las-matematicas\fundamentos-para-la-enseñanza-y-el-aprendizaje-I\referencias\lecturas-complementarias\Meirieu-2020-La-escuela-despues-es.pdf,"Meirieu-2020-La-escuela-despues-es.pdf, p. 14; Meirieu-2020-La-escuela-despues-es.pdf, p. 18; Meirieu-2020-La-escuela-despues-es.pdf, p. 21; Meirieu-2020-La-escuela-despues-es.pdf, p. 23; Meirieu-2020-La-escuela-despues-es.pdf, p. 3; Meirieu-2020-La-escuela-despues-es.pdf, p. 4; Meirieu-2020-La-escuela-despues-es.pdf, p. 7; Meirieu-2020-La-escuela-despues-es.pdf, p. 9",La ficha presenta una coincidencia fuerte con el concepto buscado. Se agruparon varias referencias dentro de la misma fuente.
6,escuela después,alta,0.2848,0.199,Meirieu-2020-La-escuela-despues-es.pdf,pdf,p. 14,14,0.2034,tfidf=0.1234; bonus=0.0800,"14/9/26, 14:37 «LA ESCUELA DESPUÉS»… ¿CON LA PEDAGOGÍA DE ANTES? Philippe Meirieu – MCEP resinificará la esencia de la escuela,esta vez transformada.",Meirieu_2020_La_escuela_despues_es_36d50aeaf1_b0014_f001,D:\Documentos\AulaTeX-Academico\IIIEPE\maestria-en-enseñanza-y-aprendizaje-de-las-matematicas\fundamentos-para-la-enseñanza-y-el-aprendizaje-I\referencias\lecturas-complementarias\Meirieu-2020-La-escuela-despues-es.pdf,"Meirieu-2020-La-escuela-despues-es.pdf, p. 14; Meirieu-2020-La-escuela-despues-es.pdf, p. 18; Meirieu-2020-La-escuela-despues-es.pdf, p. 21; Meirieu-2020-La-escuela-despues-es.pdf, p. 23; Meirieu-2020-La-escuela-despues-es.pdf, p. 3; Meirieu-2020-La-escuela-despues-es.pdf, p. 4; Meirieu-2020-La-escuela-despues-es.pdf, p. 7; Meirieu-2020-La-escuela-despues-es.pdf, p. 9",La ficha presenta una coincidencia fuerte con el concepto buscado. Se agruparon varias referencias dentro de la misma fuente.
6,escuela después,alta,0.2848,0.199,Meirieu-2020-La-escuela-despues-es.pdf,pdf,p. 21,21,0.183,tfidf=0.1030; bonus=0.0800,"14/9/26, 14:37 «LA ESCUELA DESPUÉS»… ¿CON LA PEDAGOGÍA DE ANTES? Philippe Meirieu – MCEP F.I.M.E.M.",Meirieu_2020_La_escuela_despues_es_36d50aeaf1_b0021_f001,D:\Documentos\AulaTeX-Academico\IIIEPE\maestria-en-enseñanza-y-aprendizaje-de-las-matematicas\fundamentos-para-la-enseñanza-y-el-aprendizaje-I\referencias\lecturas-complementarias\Meirieu-2020-La-escuela-despues-es.pdf,"Meirieu-2020-La-escuela-despues-es.pdf, p. 14; Meirieu-2020-La-escuela-despues-es.pdf, p. 18; Meirieu-2020-La-escuela-despues-es.pdf, p. 21; Meirieu-2020-La-escuela-despues-es.pdf, p. 23; Meirieu-2020-La-escuela-despues-es.pdf, p. 3; Meirieu-2020-La-escuela-despues-es.pdf, p. 4; Meirieu-2020-La-escuela-despues-es.pdf, p. 7; Meirieu-2020-La-escuela-despues-es.pdf, p. 9",La ficha presenta una coincidencia fuerte con el concepto buscado. Se agruparon varias referencias dentro de la misma fuente.
6,escuela después,alta,0.2848,0.199,Meirieu-2020-La-escuela-despues-es.pdf,pdf,p. 23,23,0.1829,tfidf=0.1029; bonus=0.0800,"14/9/26, 14:37 «LA ESCUELA DESPUÉS»… ¿CON LA PEDAGOGÍA DE ANTES? Philippe Meirieu – MCEP Cargar más Seguir en Instagram Te pueden interesar… Gestionar el consentimiento de las cookies Para ofrecer las mejores experiencias, utilizamos tecnologías como las cookies para almacenar y/o acceder a la información del dispositivo.",Meirieu_2020_La_escuela_despues_es_36d50aeaf1_b0023_f001,D:\Documentos\AulaTeX-Academico\IIIEPE\maestria-en-enseñanza-y-aprendizaje-de-las-matematicas\fundamentos-para-la-enseñanza-y-el-aprendizaje-I\referencias\lecturas-complementarias\Meirieu-2020-La-escuela-despues-es.pdf,"Meirieu-2020-La-escuela-despues-es.pdf, p. 14; Meirieu-2020-La-escuela-despues-es.pdf, p. 18; Meirieu-2020-La-escuela-despues-es.pdf, p. 21; Meirieu-2020-La-escuela-despues-es.pdf, p. 23; Meirieu-2020-La-escuela-despues-es.pdf, p. 3; Meirieu-2020-La-escuela-despues-es.pdf, p. 4; Meirieu-2020-La-escuela-despues-es.pdf, p. 7; Meirieu-2020-La-escuela-despues-es.pdf, p. 9",La ficha presenta una coincidencia fuerte con el concepto buscado. Se agruparon varias referencias dentro de la misma fuente.
6,escuela después,alta,0.2848,0.199,Meirieu-2020-La-escuela-despues-es.pdf,pdf,p. 7,7,0.1823,tfidf=0.1023; bonus=0.0800,"No consentir o retirar el consentimiento, puede afectar negativamente a ciertas características y funciones. 45 thoughts on “«LA ESCUELA DESPUÉS»… ¿CON LA PEDAGOGÍA DE ANTES? Philippe Meirieu” Jorge Fernández dice: 23 junio, 2021 a las 00:45 Política de cookies file:///D:/Documentos/AulaTeX-Academico/IIIEPE/maestria-en-ense%C3%B1anza-y-aprendizaje-de-las-matematicas/fundamentos-para-la-ense%C3%B1anza-y-el-aprendizaje-I/referencias/lecturas-complementaria… 7/24",Meirieu_2020_La_escuela_despues_es_36d50aeaf1_b0007_f003,D:\Documentos\AulaTeX-Academico\IIIEPE\maestria-en-enseñanza-y-aprendizaje-de-las-matematicas\fundamentos-para-la-enseñanza-y-el-aprendizaje-I\referencias\lecturas-complementarias\Meirieu-2020-La-escuela-despues-es.pdf,"Meirieu-2020-La-escuela-despues-es.pdf, p. 14; Meirieu-2020-La-escuela-despues-es.pdf, p. 18; Meirieu-2020-La-escuela-despues-es.pdf, p. 21; Meirieu-2020-La-escuela-despues-es.pdf, p. 23; Meirieu-2020-La-escuela-despues-es.pdf, p. 3; Meirieu-2020-La-escuela-despues-es.pdf, p. 4; Meirieu-2020-La-escuela-despues-es.pdf, p. 7; Meirieu-2020-La-escuela-despues-es.pdf, p. 9",La ficha presenta una coincidencia fuerte con el concepto buscado. Se agruparon varias referencias dentro de la misma fuente.
6,escuela después,alta,0.2848,0.199,Meirieu-2020-La-escuela-despues-es.pdf,pdf,p. 4,4,0.174,tfidf=0.0940; bonus=0.0800,"14/9/26, 14:37 «LA ESCUELA DESPUÉS»… ¿CON LA PEDAGOGÍA DE ANTES? Philippe Meirieu – MCEP «infinitamente compartibles», como decía Fichte, es decir, capaces de hacernos percibir que, a pesar de nuestras diferencias, todos estamos llamados a participar en la construcción de lo común… ¿Seremos escuchados?",Meirieu_2020_La_escuela_despues_es_36d50aeaf1_b0004_f001,D:\Documentos\AulaTeX-Academico\IIIEPE\maestria-en-enseñanza-y-aprendizaje-de-las-matematicas\fundamentos-para-la-enseñanza-y-el-aprendizaje-I\referencias\lecturas-complementarias\Meirieu-2020-La-escuela-despues-es.pdf,"Meirieu-2020-La-escuela-despues-es.pdf, p. 14; Meirieu-2020-La-escuela-despues-es.pdf, p. 18; Meirieu-2020-La-escuela-despues-es.pdf, p. 21; Meirieu-2020-La-escuela-despues-es.pdf, p. 23; Meirieu-2020-La-escuela-despues-es.pdf, p. 3; Meirieu-2020-La-escuela-despues-es.pdf, p. 4; Meirieu-2020-La-escuela-despues-es.pdf, p. 7; Meirieu-2020-La-escuela-despues-es.pdf, p. 9",La ficha presenta una coincidencia fuerte con el concepto buscado. Se agruparon varias referencias dentro de la misma fuente.
6,escuela después,alta,0.2848,0.199,Meirieu-2020-La-escuela-despues-es.pdf,pdf,p. 3,3,0.1733,tfidf=0.0933; bonus=0.0800,"14/9/26, 14:37 «LA ESCUELA DESPUÉS»… ¿CON LA PEDAGOGÍA DE ANTES? Philippe Meirieu – MCEP tiempo, crea algo común y acompaña a cada uno en su singularidad.",Meirieu_2020_La_escuela_despues_es_36d50aeaf1_b0003_f001,D:\Documentos\AulaTeX-Academico\IIIEPE\maestria-en-enseñanza-y-aprendizaje-de-las-matematicas\fundamentos-para-la-enseñanza-y-el-aprendizaje-I\referencias\lecturas-complementarias\Meirieu-2020-La-escuela-despues-es.pdf,"Meirieu-2020-La-escuela-despues-es.pdf, p. 14; Meirieu-2020-La-escuela-despues-es.pdf, p. 18; Meirieu-2020-La-escuela-despues-es.pdf, p. 21; Meirieu-2020-La-escuela-despues-es.pdf, p. 23; Meirieu-2020-La-escuela-despues-es.pdf, p. 3; Meirieu-2020-La-escuela-despues-es.pdf, p. 4; Meirieu-2020-La-escuela-despues-es.pdf, p. 7; Meirieu-2020-La-escuela-despues-es.pdf, p. 9",La ficha presenta una coincidencia fuerte con el concepto buscado. Se agruparon varias referencias dentro de la misma fuente.
7,implications learning,baja,0.1378,0.095,Sawyer-2008-Optimizing-learning.pdf,pdf,p. 47,47,0.1378,tfidf=0.1178; bonus=0.0200,"CHAPTER 2. OPTIMISING LEARNING: IMPLICATIONS OF LEARNING SCIENCES RESEARCH – 45 Chapter 2 Optimising Learning Implications of Learning Sciences Research by R. Keith Sawyer1 This chapter introduces the field of learning sciences, and outlines some of its key findings in recent years.",Sawyer_2008_Optimizing_learning_7b85d8e009_b0047_f001,D:\Documentos\AulaTeX-Academico\IIIEPE\maestria-en-enseñanza-y-aprendizaje-de-las-matematicas\fundamentos-para-la-enseñanza-y-el-aprendizaje-I\referencias\lecturas-complementarias\Sawyer-2008-Optimizing-learning.pdf,"Sawyer-2008-Optimizing-learning.pdf, p. 47; Sawyer-2008-Optimizing-learning.pdf, p. 48; Sawyer-2008-Optimizing-learning.pdf, p. 55; Sawyer-2008-Optimizing-learning.pdf, p. 60; Sawyer-2008-Optimizing-learning.pdf, p. 61; Sawyer-2008-Optimizing-learning.pdf, p. 63; Sawyer-2008-Optimizing-learning.pdf, p. 66; Sawyer-2008-Optimizing-learning.pdf, p. 90",La ficha presenta coincidencias débiles; se recomienda validar manualmente las citas. Se agruparon varias referencias dentro de la misma fuente.
7,implications learning,baja,0.1378,0.095,Sawyer-2008-Optimizing-learning.pdf,pdf,p. 66,66,0.1061,tfidf=0.0861; bonus=0.0200,"64 – CHAPTER 2. OPTIMISING LEARNING: IMPLICATIONS OF LEARNING SCIENCES RESEARCH Linn, M.C. (2006), “The Knowledge Integration Perspective on Learning and Instruction”, in R.K. Sawyer (ed.), The Cambridge Handbook of the Learning Sciences, Cambridge University Press, New York, pp.",Sawyer_2008_Optimizing_learning_7b85d8e009_b0066_f001,D:\Documentos\AulaTeX-Academico\IIIEPE\maestria-en-enseñanza-y-aprendizaje-de-las-matematicas\fundamentos-para-la-enseñanza-y-el-aprendizaje-I\referencias\lecturas-complementarias\Sawyer-2008-Optimizing-learning.pdf,"Sawyer-2008-Optimizing-learning.pdf, p. 47; Sawyer-2008-Optimizing-learning.pdf, p. 48; Sawyer-2008-Optimizing-learning.pdf, p. 55; Sawyer-2008-Optimizing-learning.pdf, p. 60; Sawyer-2008-Optimizing-learning.pdf, p. 61; Sawyer-2008-Optimizing-learning.pdf, p. 63; Sawyer-2008-Optimizing-learning.pdf, p. 66; Sawyer-2008-Optimizing-learning.pdf, p. 90",La ficha presenta coincidencias débiles; se recomienda validar manualmente las citas. Se agruparon varias referencias dentro de la misma fuente.
7,implications learning,baja,0.1378,0.095,Sawyer-2008-Optimizing-learning.pdf,pdf,p. 48,48,0.0955,tfidf=0.0755; bonus=0.0200,"46 – CHAPTER 2. OPTIMISING LEARNING: IMPLICATIONS OF LEARNING SCIENCES RESEARCH researchers in these fields who were studying learning realised that they needed to develop new scientific approaches that went beyond what their own discipline could offer, and to collaborate with other disciplines. Learning sciences was born in 1991, when the first international conference was held, and the Journal of the Learning Sciences was first published.",Sawyer_2008_Optimizing_learning_7b85d8e009_b0048_f001,D:\Documentos\AulaTeX-Academico\IIIEPE\maestria-en-enseñanza-y-aprendizaje-de-las-matematicas\fundamentos-para-la-enseñanza-y-el-aprendizaje-I\referencias\lecturas-complementarias\Sawyer-2008-Optimizing-learning.pdf,"Sawyer-2008-Optimizing-learning.pdf, p. 47; Sawyer-2008-Optimizing-learning.pdf, p. 48; Sawyer-2008-Optimizing-learning.pdf, p. 55; Sawyer-2008-Optimizing-learning.pdf, p. 60; Sawyer-2008-Optimizing-learning.pdf, p. 61; Sawyer-2008-Optimizing-learning.pdf, p. 63; Sawyer-2008-Optimizing-learning.pdf, p. 66; Sawyer-2008-Optimizing-learning.pdf, p. 90",La ficha presenta coincidencias débiles; se recomienda validar manualmente las citas. Se agruparon varias referencias dentro de la misma fuente.
7,implications learning,baja,0.1378,0.095,Sawyer-2008-Optimizing-learning.pdf,pdf,p. 63,63,0.0872,tfidf=0.0672; bonus=0.0200,"CHAPTER 2. OPTIMISING LEARNING: IMPLICATIONS OF LEARNING SCIENCES RESEARCH – 61 closely with educators and in schools. Researchers have just begun to explore what models of schooling might emerge in response to the new research emerging from the learning sciences, and to the computer technology that makes these new learning environments possible.",Sawyer_2008_Optimizing_learning_7b85d8e009_b0063_f001,D:\Documentos\AulaTeX-Academico\IIIEPE\maestria-en-enseñanza-y-aprendizaje-de-las-matematicas\fundamentos-para-la-enseñanza-y-el-aprendizaje-I\referencias\lecturas-complementarias\Sawyer-2008-Optimizing-learning.pdf,"Sawyer-2008-Optimizing-learning.pdf, p. 47; Sawyer-2008-Optimizing-learning.pdf, p. 48; Sawyer-2008-Optimizing-learning.pdf, p. 55; Sawyer-2008-Optimizing-learning.pdf, p. 60; Sawyer-2008-Optimizing-learning.pdf, p. 61; Sawyer-2008-Optimizing-learning.pdf, p. 63; Sawyer-2008-Optimizing-learning.pdf, p. 66; Sawyer-2008-Optimizing-learning.pdf, p. 90",La ficha presenta coincidencias débiles; se recomienda validar manualmente las citas. Se agruparon varias referencias dentro de la misma fuente.
7,implications learning,baja,0.1378,0.095,Sawyer-2008-Optimizing-learning.pdf,pdf,p. 61,61,0.0871,tfidf=0.0671; bonus=0.0200,"CHAPTER 2. OPTIMISING LEARNING: IMPLICATIONS OF LEARNING SCIENCES RESEARCH – 59 To date, the standard model of schooling does not align with these characteristics. Learning is standardised; knowledge sources are limited to the teacher and the textbook; most learning occurs by a solitary learner; and assessment typically measures the memorisation of superficial facts and procedural knowledge.",Sawyer_2008_Optimizing_learning_7b85d8e009_b0061_f001,D:\Documentos\AulaTeX-Academico\IIIEPE\maestria-en-enseñanza-y-aprendizaje-de-las-matematicas\fundamentos-para-la-enseñanza-y-el-aprendizaje-I\referencias\lecturas-complementarias\Sawyer-2008-Optimizing-learning.pdf,"Sawyer-2008-Optimizing-learning.pdf, p. 47; Sawyer-2008-Optimizing-learning.pdf, p. 48; Sawyer-2008-Optimizing-learning.pdf, p. 55; Sawyer-2008-Optimizing-learning.pdf, p. 60; Sawyer-2008-Optimizing-learning.pdf, p. 61; Sawyer-2008-Optimizing-learning.pdf, p. 63; Sawyer-2008-Optimizing-learning.pdf, p. 66; Sawyer-2008-Optimizing-learning.pdf, p. 90",La ficha presenta coincidencias débiles; se recomienda validar manualmente las citas. Se agruparon varias referencias dentro de la misma fuente.
7,implications learning,baja,0.1378,0.095,Sawyer-2008-Optimizing-learning.pdf,pdf,p. 90,90,0.0849,tfidf=0.0649; bonus=0.0200,"Bransford, J. and D. Schwartz (1999), “Rethinking Transfer: A Simple Proposal with Multiple Implications”, Review of Research in Education, Vol. 25.",Sawyer_2008_Optimizing_learning_7b85d8e009_b0090_f002,D:\Documentos\AulaTeX-Academico\IIIEPE\maestria-en-enseñanza-y-aprendizaje-de-las-matematicas\fundamentos-para-la-enseñanza-y-el-aprendizaje-I\referencias\lecturas-complementarias\Sawyer-2008-Optimizing-learning.pdf,"Sawyer-2008-Optimizing-learning.pdf, p. 47; Sawyer-2008-Optimizing-learning.pdf, p. 48; Sawyer-2008-Optimizing-learning.pdf, p. 55; Sawyer-2008-Optimizing-learning.pdf, p. 60; Sawyer-2008-Optimizing-learning.pdf, p. 61; Sawyer-2008-Optimizing-learning.pdf, p. 63; Sawyer-2008-Optimizing-learning.pdf, p. 66; Sawyer-2008-Optimizing-learning.pdf, p. 90",La ficha presenta coincidencias débiles; se recomienda validar manualmente las citas. Se agruparon varias referencias dentro de la misma fuente.
7,implications learning,baja,0.1378,0.095,Sawyer-2008-Optimizing-learning.pdf,pdf,p. 60,60,0.0812,tfidf=0.0612; bonus=0.0200,"58 – CHAPTER 2. OPTIMISING LEARNING: IMPLICATIONS OF LEARNING SCIENCES RESEARCH mathematics tests do not assess model-based reasoning (Lehrer and Schauble, 2006); science tests do not assess whether pre-existing misconceptions have indeed been left behind (diSessa, 2006; Linn, 2006) nor do they assess problem-solving or inquiry skills (Krajcik and Blumenfeld, 2006). As long as schools are evaluated on how well their students do on such tests, it will be difficult for them to leave the standard model behind.",Sawyer_2008_Optimizing_learning_7b85d8e009_b0060_f001,D:\Documentos\AulaTeX-Academico\IIIEPE\maestria-en-enseñanza-y-aprendizaje-de-las-matematicas\fundamentos-para-la-enseñanza-y-el-aprendizaje-I\referencias\lecturas-complementarias\Sawyer-2008-Optimizing-learning.pdf,"Sawyer-2008-Optimizing-learning.pdf, p. 47; Sawyer-2008-Optimizing-learning.pdf, p. 48; Sawyer-2008-Optimizing-learning.pdf, p. 55; Sawyer-2008-Optimizing-learning.pdf, p. 60; Sawyer-2008-Optimizing-learning.pdf, p. 61; Sawyer-2008-Optimizing-learning.pdf, p. 63; Sawyer-2008-Optimizing-learning.pdf, p. 66; Sawyer-2008-Optimizing-learning.pdf, p. 90",La ficha presenta coincidencias débiles; se recomienda validar manualmente las citas. Se agruparon varias referencias dentro de la misma fuente.
7,implications learning,baja,0.1378,0.095,Sawyer-2008-Optimizing-learning.pdf,pdf,p. 55,55,0.0805,tfidf=0.0605; bonus=0.0200,"CHAPTER 2. OPTIMISING LEARNING: IMPLICATIONS OF LEARNING SCIENCES RESEARCH – 53 knowledge about cognitive development that has resulted from this research is absolutely critical to reforming schooling so that it is based on the basic sciences of learning. Standard model schools were developed under the behaviourist assumption that children enter school with empty minds, and the role of school is to fill up those minds with knowledge.",Sawyer_2008_Optimizing_learning_7b85d8e009_b0055_f001,D:\Documentos\AulaTeX-Academico\IIIEPE\maestria-en-enseñanza-y-aprendizaje-de-las-matematicas\fundamentos-para-la-enseñanza-y-el-aprendizaje-I\referencias\lecturas-complementarias\Sawyer-2008-Optimizing-learning.pdf,"Sawyer-2008-Optimizing-learning.pdf, p. 47; Sawyer-2008-Optimizing-learning.pdf, p. 48; Sawyer-2008-Optimizing-learning.pdf, p. 55; Sawyer-2008-Optimizing-learning.pdf, p. 60; Sawyer-2008-Optimizing-learning.pdf, p. 61; Sawyer-2008-Optimizing-learning.pdf, p. 63; Sawyer-2008-Optimizing-learning.pdf, p. 66; Sawyer-2008-Optimizing-learning.pdf, p. 90",La ficha presenta coincidencias débiles; se recomienda validar manualmente las citas. Se agruparon varias referencias dentro de la misma fuente.
8,innovating learn,baja,0.1229,0.0976,Sawyer-2008-Optimizing-learning.pdf,pdf,p. 187,187,0.1229,tfidf=0.1029; bonus=0.0200,"• Appropriate atmosphere for innovation • Flexibility in the development of innovation INNOVATING TO LEARN, LEARNING TO INNOVATE – ISBN-978-92-64-04797-6 © OECD 2008",Sawyer_2008_Optimizing_learning_7b85d8e009_b0187_f003,D:\Documentos\AulaTeX-Academico\IIIEPE\maestria-en-enseñanza-y-aprendizaje-de-las-matematicas\fundamentos-para-la-enseñanza-y-el-aprendizaje-I\referencias\lecturas-complementarias\Sawyer-2008-Optimizing-learning.pdf,"Sawyer-2008-Optimizing-learning.pdf, p. 178; Sawyer-2008-Optimizing-learning.pdf, p. 180; Sawyer-2008-Optimizing-learning.pdf, p. 183; Sawyer-2008-Optimizing-learning.pdf, p. 187; Sawyer-2008-Optimizing-learning.pdf, p. 217; Sawyer-2008-Optimizing-learning.pdf, p. 235; Sawyer-2008-Optimizing-learning.pdf, p. 240; Sawyer-2008-Optimizing-learning.pdf, p. 72",La ficha presenta coincidencias débiles; se recomienda validar manualmente las citas. Se agruparon varias referencias dentro de la misma fuente. Hay 1 referencia(s) de baja similitud que podrían introducir ruido.
8,innovating learn,baja,0.1229,0.0976,Sawyer-2008-Optimizing-learning.pdf,pdf,p. 180,180,0.1097,tfidf=0.0897; bonus=0.0200,"In these cases there are federal programmes allowing the introduction of innovation. INNOVATING TO LEARN, LEARNING TO INNOVATE – ISBN-978-92-64-04797-6 © OECD 2008",Sawyer_2008_Optimizing_learning_7b85d8e009_b0180_f003,D:\Documentos\AulaTeX-Academico\IIIEPE\maestria-en-enseñanza-y-aprendizaje-de-las-matematicas\fundamentos-para-la-enseñanza-y-el-aprendizaje-I\referencias\lecturas-complementarias\Sawyer-2008-Optimizing-learning.pdf,"Sawyer-2008-Optimizing-learning.pdf, p. 178; Sawyer-2008-Optimizing-learning.pdf, p. 180; Sawyer-2008-Optimizing-learning.pdf, p. 183; Sawyer-2008-Optimizing-learning.pdf, p. 187; Sawyer-2008-Optimizing-learning.pdf, p. 217; Sawyer-2008-Optimizing-learning.pdf, p. 235; Sawyer-2008-Optimizing-learning.pdf, p. 240; Sawyer-2008-Optimizing-learning.pdf, p. 72",La ficha presenta coincidencias débiles; se recomienda validar manualmente las citas. Se agruparon varias referencias dentro de la misma fuente. Hay 1 referencia(s) de baja similitud que podrían introducir ruido.
8,innovating learn,baja,0.1229,0.0976,Sawyer-2008-Optimizing-learning.pdf,pdf,p. 217,217,0.1031,tfidf=0.0831; bonus=0.0200,"Sancho Gill, OECD Mexico International Conference, “Emerging Models of Learning and Innovation”, June 2006. INNOVATING TO LEARN, LEARNING TO INNOVATE – ISBN-978-92-64-04797-6 © OECD 2008",Sawyer_2008_Optimizing_learning_7b85d8e009_b0217_f003,D:\Documentos\AulaTeX-Academico\IIIEPE\maestria-en-enseñanza-y-aprendizaje-de-las-matematicas\fundamentos-para-la-enseñanza-y-el-aprendizaje-I\referencias\lecturas-complementarias\Sawyer-2008-Optimizing-learning.pdf,"Sawyer-2008-Optimizing-learning.pdf, p. 178; Sawyer-2008-Optimizing-learning.pdf, p. 180; Sawyer-2008-Optimizing-learning.pdf, p. 183; Sawyer-2008-Optimizing-learning.pdf, p. 187; Sawyer-2008-Optimizing-learning.pdf, p. 217; Sawyer-2008-Optimizing-learning.pdf, p. 235; Sawyer-2008-Optimizing-learning.pdf, p. 240; Sawyer-2008-Optimizing-learning.pdf, p. 72",La ficha presenta coincidencias débiles; se recomienda validar manualmente las citas. Se agruparon varias referencias dentro de la misma fuente. Hay 1 referencia(s) de baja similitud que podrían introducir ruido.
8,innovating learn,baja,0.1229,0.0976,Sawyer-2008-Optimizing-learning.pdf,pdf,p. 72,72,0.0996,tfidf=0.0796; bonus=0.0200,"Elsewhere we have referred to it as the “Teacher A” model (Bereiter and Scardamalia, 1987). INNOVATING TO LEARN, LEARNING TO INNOVATE – ISBN-978-92-64-04797-6 © OECD 2008",Sawyer_2008_Optimizing_learning_7b85d8e009_b0072_f003,D:\Documentos\AulaTeX-Academico\IIIEPE\maestria-en-enseñanza-y-aprendizaje-de-las-matematicas\fundamentos-para-la-enseñanza-y-el-aprendizaje-I\referencias\lecturas-complementarias\Sawyer-2008-Optimizing-learning.pdf,"Sawyer-2008-Optimizing-learning.pdf, p. 178; Sawyer-2008-Optimizing-learning.pdf, p. 180; Sawyer-2008-Optimizing-learning.pdf, p. 183; Sawyer-2008-Optimizing-learning.pdf, p. 187; Sawyer-2008-Optimizing-learning.pdf, p. 217; Sawyer-2008-Optimizing-learning.pdf, p. 235; Sawyer-2008-Optimizing-learning.pdf, p. 240; Sawyer-2008-Optimizing-learning.pdf, p. 72",La ficha presenta coincidencias débiles; se recomienda validar manualmente las citas. Se agruparon varias referencias dentro de la misma fuente. Hay 1 referencia(s) de baja similitud que podrían introducir ruido.
8,innovating learn,baja,0.1229,0.0976,Sawyer-2008-Optimizing-learning.pdf,pdf,p. 178,178,0.0975,tfidf=0.0775; bonus=0.0200,"The cases included in Annex A are used here to illustrate some of the main concepts. INNOVATING TO LEARN, LEARNING TO INNOVATE – ISBN-978-92-64-04797-6 © OECD 2008",Sawyer_2008_Optimizing_learning_7b85d8e009_b0178_f003,D:\Documentos\AulaTeX-Academico\IIIEPE\maestria-en-enseñanza-y-aprendizaje-de-las-matematicas\fundamentos-para-la-enseñanza-y-el-aprendizaje-I\referencias\lecturas-complementarias\Sawyer-2008-Optimizing-learning.pdf,"Sawyer-2008-Optimizing-learning.pdf, p. 178; Sawyer-2008-Optimizing-learning.pdf, p. 180; Sawyer-2008-Optimizing-learning.pdf, p. 183; Sawyer-2008-Optimizing-learning.pdf, p. 187; Sawyer-2008-Optimizing-learning.pdf, p. 217; Sawyer-2008-Optimizing-learning.pdf, p. 235; Sawyer-2008-Optimizing-learning.pdf, p. 240; Sawyer-2008-Optimizing-learning.pdf, p. 72",La ficha presenta coincidencias débiles; se recomienda validar manualmente las citas. Se agruparon varias referencias dentro de la misma fuente. Hay 1 referencia(s) de baja similitud que podrían introducir ruido.
8,innovating learn,baja,0.1229,0.0976,Sawyer-2008-Optimizing-learning.pdf,pdf,p. 235,235,0.089,tfidf=0.0690; bonus=0.0200,"This experience has existed for at least three decades. INNOVATING TO LEARN, LEARNING TO INNOVATE – ISBN-978-92-64-04797-6 © OECD 2008",Sawyer_2008_Optimizing_learning_7b85d8e009_b0235_f002,D:\Documentos\AulaTeX-Academico\IIIEPE\maestria-en-enseñanza-y-aprendizaje-de-las-matematicas\fundamentos-para-la-enseñanza-y-el-aprendizaje-I\referencias\lecturas-complementarias\Sawyer-2008-Optimizing-learning.pdf,"Sawyer-2008-Optimizing-learning.pdf, p. 178; Sawyer-2008-Optimizing-learning.pdf, p. 180; Sawyer-2008-Optimizing-learning.pdf, p. 183; Sawyer-2008-Optimizing-learning.pdf, p. 187; Sawyer-2008-Optimizing-learning.pdf, p. 217; Sawyer-2008-Optimizing-learning.pdf, p. 235; Sawyer-2008-Optimizing-learning.pdf, p. 240; Sawyer-2008-Optimizing-learning.pdf, p. 72",La ficha presenta coincidencias débiles; se recomienda validar manualmente las citas. Se agruparon varias referencias dentro de la misma fuente. Hay 1 referencia(s) de baja similitud que podrían introducir ruido.
8,innovating learn,baja,0.1229,0.0976,Sawyer-2008-Optimizing-learning.pdf,pdf,p. 183,183,0.0807,tfidf=0.0607; bonus=0.0200,"A major task for the leaders of the innovation is related to the premise that “conditions are not awaited but are brought into being” (Hirschman, 1991). INNOVATING TO LEARN, LEARNING TO INNOVATE – ISBN-978-92-64-04797-6 © OECD 2008",Sawyer_2008_Optimizing_learning_7b85d8e009_b0183_f003,D:\Documentos\AulaTeX-Academico\IIIEPE\maestria-en-enseñanza-y-aprendizaje-de-las-matematicas\fundamentos-para-la-enseñanza-y-el-aprendizaje-I\referencias\lecturas-complementarias\Sawyer-2008-Optimizing-learning.pdf,"Sawyer-2008-Optimizing-learning.pdf, p. 178; Sawyer-2008-Optimizing-learning.pdf, p. 180; Sawyer-2008-Optimizing-learning.pdf, p. 183; Sawyer-2008-Optimizing-learning.pdf, p. 187; Sawyer-2008-Optimizing-learning.pdf, p. 217; Sawyer-2008-Optimizing-learning.pdf, p. 235; Sawyer-2008-Optimizing-learning.pdf, p. 240; Sawyer-2008-Optimizing-learning.pdf, p. 72",La ficha presenta coincidencias débiles; se recomienda validar manualmente las citas. Se agruparon varias referencias dentro de la misma fuente. Hay 1 referencia(s) de baja similitud que podrían introducir ruido.
8,innovating learn,baja,0.1229,0.0976,Sawyer-2008-Optimizing-learning.pdf,pdf,p. 240,240,0.0787,tfidf=0.0587; bonus=0.0200,"Public authorities urge the Friendship Centre to conform to official norms and introduce pedagogical norms intended to increase the quality of service standards. On INNOVATING TO LEARN, LEARNING TO INNOVATE – ISBN-978-92-64-04797-6 © OECD 2008",Sawyer_2008_Optimizing_learning_7b85d8e009_b0240_f003,D:\Documentos\AulaTeX-Academico\IIIEPE\maestria-en-enseñanza-y-aprendizaje-de-las-matematicas\fundamentos-para-la-enseñanza-y-el-aprendizaje-I\referencias\lecturas-complementarias\Sawyer-2008-Optimizing-learning.pdf,"Sawyer-2008-Optimizing-learning.pdf, p. 178; Sawyer-2008-Optimizing-learning.pdf, p. 180; Sawyer-2008-Optimizing-learning.pdf, p. 183; Sawyer-2008-Optimizing-learning.pdf, p. 187; Sawyer-2008-Optimizing-learning.pdf, p. 217; Sawyer-2008-Optimizing-learning.pdf, p. 235; Sawyer-2008-Optimizing-learning.pdf, p. 240; Sawyer-2008-Optimizing-learning.pdf, p. 72",La ficha presenta coincidencias débiles; se recomienda validar manualmente las citas. Se agruparon varias referencias dentro de la misma fuente. Hay 1 referencia(s) de baja similitud que podrían introducir ruido.
9,inventarse citas,sin hallazgos,0.0,0.0,,,,,,,,,,Sin ubicaciones detectadas,No se localizaron fragmentos por encima del umbral configurado. Conviene revisar el concepto o ampliar el corpus.
10,keith sawyer,media,0.1626,0.103,Sawyer-2008-Optimizing-learning.pdf,pdf,p. 154,154,0.1626,tfidf=0.0826; bonus=0.0800,"At the very least, the four cases analysed represent an affirmation that education is for everybody; that the right to learn, as a human right, demands the design of creative and pertinent forms that ensure their relevance and guarantee opportunities of human development for all persons. Veronica Larrain (2005) agrees with Keith Sawyer (Chapter 2) when he affirms that during the 20th Century great progresses have been made in our understanding of how people learn. However, school practices have not been modified to reflect this new knowledge.",Sawyer_2008_Optimizing_learning_7b85d8e009_b0154_f003,D:\Documentos\AulaTeX-Academico\IIIEPE\maestria-en-enseñanza-y-aprendizaje-de-las-matematicas\fundamentos-para-la-enseñanza-y-el-aprendizaje-I\referencias\lecturas-complementarias\Sawyer-2008-Optimizing-learning.pdf,"Sawyer-2008-Optimizing-learning.pdf, p. 116; Sawyer-2008-Optimizing-learning.pdf, p. 14; Sawyer-2008-Optimizing-learning.pdf, p. 154; Sawyer-2008-Optimizing-learning.pdf, p. 28; Sawyer-2008-Optimizing-learning.pdf, p. 47; Sawyer-2008-Optimizing-learning.pdf, p. 65; Sawyer-2008-Optimizing-learning.pdf, p. 66; Sawyer-2008-Optimizing-learning.pdf, p. 67","La ficha presenta coincidencias útiles, pero conviene revisar la pertinencia de cada cita. Se agruparon varias referencias dentro de la misma fuente. Hay 4 referencia(s) de baja similitud que podrían introducir ruido."
10,keith sawyer,media,0.1626,0.103,Sawyer-2008-Optimizing-learning.pdf,pdf,p. 116,116,0.158,tfidf=0.0780; bonus=0.0800,"See Keith Sawyer’s Chapter 2 as well as A. Viñao Frago (1990), Innovación pedagógica y racionalidad científica: la escuela graduada pública en España (1889-1936), Akal, Madrid.",Sawyer_2008_Optimizing_learning_7b85d8e009_b0116_f003,D:\Documentos\AulaTeX-Academico\IIIEPE\maestria-en-enseñanza-y-aprendizaje-de-las-matematicas\fundamentos-para-la-enseñanza-y-el-aprendizaje-I\referencias\lecturas-complementarias\Sawyer-2008-Optimizing-learning.pdf,"Sawyer-2008-Optimizing-learning.pdf, p. 116; Sawyer-2008-Optimizing-learning.pdf, p. 14; Sawyer-2008-Optimizing-learning.pdf, p. 154; Sawyer-2008-Optimizing-learning.pdf, p. 28; Sawyer-2008-Optimizing-learning.pdf, p. 47; Sawyer-2008-Optimizing-learning.pdf, p. 65; Sawyer-2008-Optimizing-learning.pdf, p. 66; Sawyer-2008-Optimizing-learning.pdf, p. 67","La ficha presenta coincidencias útiles, pero conviene revisar la pertinencia de cada cita. Se agruparon varias referencias dentro de la misma fuente. Hay 4 referencia(s) de baja similitud que podrían introducir ruido."
10,keith sawyer,media,0.1626,0.103,Sawyer-2008-Optimizing-learning.pdf,pdf,p. 14,14,0.1567,tfidf=0.0767; bonus=0.0800,"It concludes that these offer the basis of a new paradigm at the centre of the educational reform agenda. Optimising learning: implications of learning sciences research Keith Sawyer’s starting point in Chapter 2 is the transformation in recent decades of many OECD member countries from industrial to knowledge economies, which emphasises the importance of creativity, innovation, and ingenuity. Learning scientists have shown that far too many schools are not teaching the deep knowledge that underlies knowledge work.",Sawyer_2008_Optimizing_learning_7b85d8e009_b0014_f001,D:\Documentos\AulaTeX-Academico\IIIEPE\maestria-en-enseñanza-y-aprendizaje-de-las-matematicas\fundamentos-para-la-enseñanza-y-el-aprendizaje-I\referencias\lecturas-complementarias\Sawyer-2008-Optimizing-learning.pdf,"Sawyer-2008-Optimizing-learning.pdf, p. 116; Sawyer-2008-Optimizing-learning.pdf, p. 14; Sawyer-2008-Optimizing-learning.pdf, p. 154; Sawyer-2008-Optimizing-learning.pdf, p. 28; Sawyer-2008-Optimizing-learning.pdf, p. 47; Sawyer-2008-Optimizing-learning.pdf, p. 65; Sawyer-2008-Optimizing-learning.pdf, p. 66; Sawyer-2008-Optimizing-learning.pdf, p. 67","La ficha presenta coincidencias útiles, pero conviene revisar la pertinencia de cada cita. Se agruparon varias referencias dentro de la misma fuente. Hay 4 referencia(s) de baja similitud que podrían introducir ruido."
10,keith sawyer,media,0.1626,0.103,Sawyer-2008-Optimizing-learning.pdf,pdf,p. 47,47,0.1111,tfidf=0.0311; bonus=0.0800,"OPTIMISING LEARNING: IMPLICATIONS OF LEARNING SCIENCES RESEARCH – 45 Chapter 2 Optimising Learning Implications of Learning Sciences Research by R. Keith Sawyer1 This chapter introduces the field of learning sciences, and outlines some of its key findings in recent years. It explains that while the standard model of schooling was designed to prepare students for the industrial age, the global shift to the knowledge economy will require the rethinking of schooling in order to accommodate evolving needs.",Sawyer_2008_Optimizing_learning_7b85d8e009_b0047_f001,D:\Documentos\AulaTeX-Academico\IIIEPE\maestria-en-enseñanza-y-aprendizaje-de-las-matematicas\fundamentos-para-la-enseñanza-y-el-aprendizaje-I\referencias\lecturas-complementarias\Sawyer-2008-Optimizing-learning.pdf,"Sawyer-2008-Optimizing-learning.pdf, p. 116; Sawyer-2008-Optimizing-learning.pdf, p. 14; Sawyer-2008-Optimizing-learning.pdf, p. 154; Sawyer-2008-Optimizing-learning.pdf, p. 28; Sawyer-2008-Optimizing-learning.pdf, p. 47; Sawyer-2008-Optimizing-learning.pdf, p. 65; Sawyer-2008-Optimizing-learning.pdf, p. 66; Sawyer-2008-Optimizing-learning.pdf, p. 67","La ficha presenta coincidencias útiles, pero conviene revisar la pertinencia de cada cita. Se agruparon varias referencias dentro de la misma fuente. Hay 4 referencia(s) de baja similitud que podrían introducir ruido."
10,keith sawyer,media,0.1626,0.103,Sawyer-2008-Optimizing-learning.pdf,pdf,p. 66,66,0.0714,tfidf=0.0614; bonus=0.0100,"Rudolph, J.L. (2002), Scientists in the Classroom: The Cold War Reconstruction of American Science Education, Palgrave, New York. Sawyer, R.K. (2004), “Creative Teaching: Collaborative Discussion as Disciplined Improvisation”, Educational Researcher, Vol. 33, No.",Sawyer_2008_Optimizing_learning_7b85d8e009_b0066_f002,D:\Documentos\AulaTeX-Academico\IIIEPE\maestria-en-enseñanza-y-aprendizaje-de-las-matematicas\fundamentos-para-la-enseñanza-y-el-aprendizaje-I\referencias\lecturas-complementarias\Sawyer-2008-Optimizing-learning.pdf,"Sawyer-2008-Optimizing-learning.pdf, p. 116; Sawyer-2008-Optimizing-learning.pdf, p. 14; Sawyer-2008-Optimizing-learning.pdf, p. 154; Sawyer-2008-Optimizing-learning.pdf, p. 28; Sawyer-2008-Optimizing-learning.pdf, p. 47; Sawyer-2008-Optimizing-learning.pdf, p. 65; Sawyer-2008-Optimizing-learning.pdf, p. 66; Sawyer-2008-Optimizing-learning.pdf, p. 67","La ficha presenta coincidencias útiles, pero conviene revisar la pertinencia de cada cita. Se agruparon varias referencias dentro de la misma fuente. Hay 4 referencia(s) de baja similitud que podrían introducir ruido."
10,keith sawyer,media,0.1626,0.103,Sawyer-2008-Optimizing-learning.pdf,pdf,p. 67,67,0.0599,tfidf=0.0499; bonus=0.0100,"CHAPTER 2. OPTIMISING LEARNING: IMPLICATIONS OF LEARNING SCIENCES RESEARCH – 65 Sawyer, R.K. (2006c), “Educating for Innovation”, The International Journal of Thinking Skills and Creativity, Vol. 1, No.1, pp.",Sawyer_2008_Optimizing_learning_7b85d8e009_b0067_f001,D:\Documentos\AulaTeX-Academico\IIIEPE\maestria-en-enseñanza-y-aprendizaje-de-las-matematicas\fundamentos-para-la-enseñanza-y-el-aprendizaje-I\referencias\lecturas-complementarias\Sawyer-2008-Optimizing-learning.pdf,"Sawyer-2008-Optimizing-learning.pdf, p. 116; Sawyer-2008-Optimizing-learning.pdf, p. 14; Sawyer-2008-Optimizing-learning.pdf, p. 154; Sawyer-2008-Optimizing-learning.pdf, p. 28; Sawyer-2008-Optimizing-learning.pdf, p. 47; Sawyer-2008-Optimizing-learning.pdf, p. 65; Sawyer-2008-Optimizing-learning.pdf, p. 66; Sawyer-2008-Optimizing-learning.pdf, p. 67","La ficha presenta coincidencias útiles, pero conviene revisar la pertinencia de cada cita. Se agruparon varias referencias dentro de la misma fuente. Hay 4 referencia(s) de baja similitud que podrían introducir ruido."
10,keith sawyer,media,0.1626,0.103,Sawyer-2008-Optimizing-learning.pdf,pdf,p. 65,65,0.053,tfidf=0.0430; bonus=0.0100,"Greeno, J.G. (2006), “Learning in Activity”, in R.K. Sawyer (ed.), Cambridge Handbook of the Learning Sciences, Cambridge University Press, New York, pp. 79-96.",Sawyer_2008_Optimizing_learning_7b85d8e009_b0065_f001,D:\Documentos\AulaTeX-Academico\IIIEPE\maestria-en-enseñanza-y-aprendizaje-de-las-matematicas\fundamentos-para-la-enseñanza-y-el-aprendizaje-I\referencias\lecturas-complementarias\Sawyer-2008-Optimizing-learning.pdf,"Sawyer-2008-Optimizing-learning.pdf, p. 116; Sawyer-2008-Optimizing-learning.pdf, p. 14; Sawyer-2008-Optimizing-learning.pdf, p. 154; Sawyer-2008-Optimizing-learning.pdf, p. 28; Sawyer-2008-Optimizing-learning.pdf, p. 47; Sawyer-2008-Optimizing-learning.pdf, p. 65; Sawyer-2008-Optimizing-learning.pdf, p. 66; Sawyer-2008-Optimizing-learning.pdf, p. 67","La ficha presenta coincidencias útiles, pero conviene revisar la pertinencia de cada cita. Se agruparon varias referencias dentro de la misma fuente. Hay 4 referencia(s) de baja similitud que podrían introducir ruido."
10,keith sawyer,media,0.1626,0.103,Sawyer-2008-Optimizing-learning.pdf,pdf,p. 28,28,0.0513,tfidf=0.0413; bonus=0.0100,"Many of today’s schools are not teaching the deep knowledge that underlies innovative activity, as suggested inter alia by the PISA results described in the previous section. Sawyer suggests that the current structural configurations of the standard schooling model make it very hard to create learning environments that result in deeper understanding and the development of critical problem-solving capacities for most students. While the “standard model” of schooling described by Sawyer may be something INNOVATING TO LEARN, LEARNING TO INNOVATE – ISBN-978-92-64-04797-6 © OECD 2008",Sawyer_2008_Optimizing_learning_7b85d8e009_b0028_f003,D:\Documentos\AulaTeX-Academico\IIIEPE\maestria-en-enseñanza-y-aprendizaje-de-las-matematicas\fundamentos-para-la-enseñanza-y-el-aprendizaje-I\referencias\lecturas-complementarias\Sawyer-2008-Optimizing-learning.pdf,"Sawyer-2008-Optimizing-learning.pdf, p. 116; Sawyer-2008-Optimizing-learning.pdf, p. 14; Sawyer-2008-Optimizing-learning.pdf, p. 154; Sawyer-2008-Optimizing-learning.pdf, p. 28; Sawyer-2008-Optimizing-learning.pdf, p. 47; Sawyer-2008-Optimizing-learning.pdf, p. 65; Sawyer-2008-Optimizing-learning.pdf, p. 66; Sawyer-2008-Optimizing-learning.pdf, p. 67","La ficha presenta coincidencias útiles, pero conviene revisar la pertinencia de cada cita. Se agruparon varias referencias dentro de la misma fuente. Hay 4 referencia(s) de baja similitud que podrían introducir ruido."
11,learn learning,media,0.1959,0.1736,Sawyer-2008-Optimizing-learning.pdf,pdf,p. 187,187,0.1959,tfidf=0.1159; bonus=0.0800,"• Appropriate atmosphere for innovation • Flexibility in the development of innovation INNOVATING TO LEARN, LEARNING TO INNOVATE – ISBN-978-92-64-04797-6 © OECD 2008",Sawyer_2008_Optimizing_learning_7b85d8e009_b0187_f003,D:\Documentos\AulaTeX-Academico\IIIEPE\maestria-en-enseñanza-y-aprendizaje-de-las-matematicas\fundamentos-para-la-enseñanza-y-el-aprendizaje-I\referencias\lecturas-complementarias\Sawyer-2008-Optimizing-learning.pdf,"Sawyer-2008-Optimizing-learning.pdf, p. 110; Sawyer-2008-Optimizing-learning.pdf, p. 178; Sawyer-2008-Optimizing-learning.pdf, p. 180; Sawyer-2008-Optimizing-learning.pdf, p. 187; Sawyer-2008-Optimizing-learning.pdf, p. 217; Sawyer-2008-Optimizing-learning.pdf, p. 47; Sawyer-2008-Optimizing-learning.pdf, p. 60; Sawyer-2008-Optimizing-learning.pdf, p. 72","La ficha presenta coincidencias útiles, pero conviene revisar la pertinencia de cada cita. Se agruparon varias referencias dentro de la misma fuente."
11,learn learning,media,0.1959,0.1736,Sawyer-2008-Optimizing-learning.pdf,pdf,p. 217,217,0.1918,tfidf=0.1118; bonus=0.0800,"Sancho Gill, OECD Mexico International Conference, “Emerging Models of Learning and Innovation”, June 2006. INNOVATING TO LEARN, LEARNING TO INNOVATE – ISBN-978-92-64-04797-6 © OECD 2008",Sawyer_2008_Optimizing_learning_7b85d8e009_b0217_f003,D:\Documentos\AulaTeX-Academico\IIIEPE\maestria-en-enseñanza-y-aprendizaje-de-las-matematicas\fundamentos-para-la-enseñanza-y-el-aprendizaje-I\referencias\lecturas-complementarias\Sawyer-2008-Optimizing-learning.pdf,"Sawyer-2008-Optimizing-learning.pdf, p. 110; Sawyer-2008-Optimizing-learning.pdf, p. 178; Sawyer-2008-Optimizing-learning.pdf, p. 180; Sawyer-2008-Optimizing-learning.pdf, p. 187; Sawyer-2008-Optimizing-learning.pdf, p. 217; Sawyer-2008-Optimizing-learning.pdf, p. 47; Sawyer-2008-Optimizing-learning.pdf, p. 60; Sawyer-2008-Optimizing-learning.pdf, p. 72","La ficha presenta coincidencias útiles, pero conviene revisar la pertinencia de cada cita. Se agruparon varias referencias dentro de la misma fuente."
11,learn learning,media,0.1959,0.1736,Sawyer-2008-Optimizing-learning.pdf,pdf,p. 180,180,0.181,tfidf=0.1010; bonus=0.0800,"In these cases there are federal programmes allowing the introduction of innovation. INNOVATING TO LEARN, LEARNING TO INNOVATE – ISBN-978-92-64-04797-6 © OECD 2008",Sawyer_2008_Optimizing_learning_7b85d8e009_b0180_f003,D:\Documentos\AulaTeX-Academico\IIIEPE\maestria-en-enseñanza-y-aprendizaje-de-las-matematicas\fundamentos-para-la-enseñanza-y-el-aprendizaje-I\referencias\lecturas-complementarias\Sawyer-2008-Optimizing-learning.pdf,"Sawyer-2008-Optimizing-learning.pdf, p. 110; Sawyer-2008-Optimizing-learning.pdf, p. 178; Sawyer-2008-Optimizing-learning.pdf, p. 180; Sawyer-2008-Optimizing-learning.pdf, p. 187; Sawyer-2008-Optimizing-learning.pdf, p. 217; Sawyer-2008-Optimizing-learning.pdf, p. 47; Sawyer-2008-Optimizing-learning.pdf, p. 60; Sawyer-2008-Optimizing-learning.pdf, p. 72","La ficha presenta coincidencias útiles, pero conviene revisar la pertinencia de cada cita. Se agruparon varias referencias dentro de la misma fuente."
11,learn learning,media,0.1959,0.1736,Sawyer-2008-Optimizing-learning.pdf,pdf,p. 72,72,0.1696,tfidf=0.0896; bonus=0.0800,"Elsewhere we have referred to it as the “Teacher A” model (Bereiter and Scardamalia, 1987). INNOVATING TO LEARN, LEARNING TO INNOVATE – ISBN-978-92-64-04797-6 © OECD 2008",Sawyer_2008_Optimizing_learning_7b85d8e009_b0072_f003,D:\Documentos\AulaTeX-Academico\IIIEPE\maestria-en-enseñanza-y-aprendizaje-de-las-matematicas\fundamentos-para-la-enseñanza-y-el-aprendizaje-I\referencias\lecturas-complementarias\Sawyer-2008-Optimizing-learning.pdf,"Sawyer-2008-Optimizing-learning.pdf, p. 110; Sawyer-2008-Optimizing-learning.pdf, p. 178; Sawyer-2008-Optimizing-learning.pdf, p. 180; Sawyer-2008-Optimizing-learning.pdf, p. 187; Sawyer-2008-Optimizing-learning.pdf, p. 217; Sawyer-2008-Optimizing-learning.pdf, p. 47; Sawyer-2008-Optimizing-learning.pdf, p. 60; Sawyer-2008-Optimizing-learning.pdf, p. 72","La ficha presenta coincidencias útiles, pero conviene revisar la pertinencia de cada cita. Se agruparon varias referencias dentro de la misma fuente."
11,learn learning,media,0.1959,0.1736,Sawyer-2008-Optimizing-learning.pdf,pdf,p. 178,178,0.1673,tfidf=0.0873; bonus=0.0800,"The cases included in Annex A are used here to illustrate some of the main concepts. INNOVATING TO LEARN, LEARNING TO INNOVATE – ISBN-978-92-64-04797-6 © OECD 2008",Sawyer_2008_Optimizing_learning_7b85d8e009_b0178_f003,D:\Documentos\AulaTeX-Academico\IIIEPE\maestria-en-enseñanza-y-aprendizaje-de-las-matematicas\fundamentos-para-la-enseñanza-y-el-aprendizaje-I\referencias\lecturas-complementarias\Sawyer-2008-Optimizing-learning.pdf,"Sawyer-2008-Optimizing-learning.pdf, p. 110; Sawyer-2008-Optimizing-learning.pdf, p. 178; Sawyer-2008-Optimizing-learning.pdf, p. 180; Sawyer-2008-Optimizing-learning.pdf, p. 187; Sawyer-2008-Optimizing-learning.pdf, p. 217; Sawyer-2008-Optimizing-learning.pdf, p. 47; Sawyer-2008-Optimizing-learning.pdf, p. 60; Sawyer-2008-Optimizing-learning.pdf, p. 72","La ficha presenta coincidencias útiles, pero conviene revisar la pertinencia de cada cita. Se agruparon varias referencias dentro de la misma fuente."
11,learn learning,media,0.1959,0.1736,Sawyer-2008-Optimizing-learning.pdf,pdf,p. 110,110,0.1639,tfidf=0.0839; bonus=0.0800,"Wherever educational alternatives combine customised learning with collaborative group learning in authentic, inquiry-oriented projects, provide their students with access to diverse knowledge sources and assess them for deeper understanding and further learning, alternative schools seem to be ahead of mainstream education and can serve as meaningful models for the renewal of mainstream education across the globe. INNOVATING TO LEARN, LEARNING TO INNOVATE – ISBN-978-92-64-04797-6 © OECD 2008",Sawyer_2008_Optimizing_learning_7b85d8e009_b0110_f003,D:\Documentos\AulaTeX-Academico\IIIEPE\maestria-en-enseñanza-y-aprendizaje-de-las-matematicas\fundamentos-para-la-enseñanza-y-el-aprendizaje-I\referencias\lecturas-complementarias\Sawyer-2008-Optimizing-learning.pdf,"Sawyer-2008-Optimizing-learning.pdf, p. 110; Sawyer-2008-Optimizing-learning.pdf, p. 178; Sawyer-2008-Optimizing-learning.pdf, p. 180; Sawyer-2008-Optimizing-learning.pdf, p. 187; Sawyer-2008-Optimizing-learning.pdf, p. 217; Sawyer-2008-Optimizing-learning.pdf, p. 47; Sawyer-2008-Optimizing-learning.pdf, p. 60; Sawyer-2008-Optimizing-learning.pdf, p. 72","La ficha presenta coincidencias útiles, pero conviene revisar la pertinencia de cada cita. Se agruparon varias referencias dentro de la misma fuente."
11,learn learning,media,0.1959,0.1736,Sawyer-2008-Optimizing-learning.pdf,pdf,p. 47,47,0.1599,tfidf=0.0799; bonus=0.0800,"Author of Group Genius: the Creative Power of Collaboration (2007) and editor of the Cambridge Handbook of the Learning Sciences (2006). INNOVATING TO LEARN, LEARNING TO INNOVATE – ISBN-978-92-64-04797-6 © OECD 2008",Sawyer_2008_Optimizing_learning_7b85d8e009_b0047_f002,D:\Documentos\AulaTeX-Academico\IIIEPE\maestria-en-enseñanza-y-aprendizaje-de-las-matematicas\fundamentos-para-la-enseñanza-y-el-aprendizaje-I\referencias\lecturas-complementarias\Sawyer-2008-Optimizing-learning.pdf,"Sawyer-2008-Optimizing-learning.pdf, p. 110; Sawyer-2008-Optimizing-learning.pdf, p. 178; Sawyer-2008-Optimizing-learning.pdf, p. 180; Sawyer-2008-Optimizing-learning.pdf, p. 187; Sawyer-2008-Optimizing-learning.pdf, p. 217; Sawyer-2008-Optimizing-learning.pdf, p. 47; Sawyer-2008-Optimizing-learning.pdf, p. 60; Sawyer-2008-Optimizing-learning.pdf, p. 72","La ficha presenta coincidencias útiles, pero conviene revisar la pertinencia de cada cita. Se agruparon varias referencias dentro de la misma fuente."
11,learn learning,media,0.1959,0.1736,Sawyer-2008-Optimizing-learning.pdf,pdf,p. 60,60,0.1596,tfidf=0.0796; bonus=0.0800,"Tests should evaluate the students’ deeper conceptual understanding, the extent to which their knowledge is integrated, coherent, and contextualised. INNOVATING TO LEARN, LEARNING TO INNOVATE – ISBN-978-92-64-04797-6 © OECD 2008",Sawyer_2008_Optimizing_learning_7b85d8e009_b0060_f002,D:\Documentos\AulaTeX-Academico\IIIEPE\maestria-en-enseñanza-y-aprendizaje-de-las-matematicas\fundamentos-para-la-enseñanza-y-el-aprendizaje-I\referencias\lecturas-complementarias\Sawyer-2008-Optimizing-learning.pdf,"Sawyer-2008-Optimizing-learning.pdf, p. 110; Sawyer-2008-Optimizing-learning.pdf, p. 178; Sawyer-2008-Optimizing-learning.pdf, p. 180; Sawyer-2008-Optimizing-learning.pdf, p. 187; Sawyer-2008-Optimizing-learning.pdf, p. 217; Sawyer-2008-Optimizing-learning.pdf, p. 47; Sawyer-2008-Optimizing-learning.pdf, p. 60; Sawyer-2008-Optimizing-learning.pdf, p. 72","La ficha presenta coincidencias útiles, pero conviene revisar la pertinencia de cada cita. Se agruparon varias referencias dentro de la misma fuente."
12,learning innovate,baja,0.1173,0.1046,Sawyer-2008-Optimizing-learning.pdf,pdf,p. 217,217,0.1173,tfidf=0.0973; bonus=0.0200,"Sancho Gill, OECD Mexico International Conference, “Emerging Models of Learning and Innovation”, June 2006. INNOVATING TO LEARN, LEARNING TO INNOVATE – ISBN-978-92-64-04797-6 © OECD 2008",Sawyer_2008_Optimizing_learning_7b85d8e009_b0217_f003,D:\Documentos\AulaTeX-Academico\IIIEPE\maestria-en-enseñanza-y-aprendizaje-de-las-matematicas\fundamentos-para-la-enseñanza-y-el-aprendizaje-I\referencias\lecturas-complementarias\Sawyer-2008-Optimizing-learning.pdf,"Sawyer-2008-Optimizing-learning.pdf, p. 102; Sawyer-2008-Optimizing-learning.pdf, p. 110; Sawyer-2008-Optimizing-learning.pdf, p. 180; Sawyer-2008-Optimizing-learning.pdf, p. 187; Sawyer-2008-Optimizing-learning.pdf, p. 217; Sawyer-2008-Optimizing-learning.pdf, p. 31; Sawyer-2008-Optimizing-learning.pdf, p. 62; Sawyer-2008-Optimizing-learning.pdf, p. 63",La ficha presenta coincidencias débiles; se recomienda validar manualmente las citas. Se agruparon varias referencias dentro de la misma fuente.
12,learning innovate,baja,0.1173,0.1046,Sawyer-2008-Optimizing-learning.pdf,pdf,p. 110,110,0.1124,tfidf=0.0924; bonus=0.0200,"Wherever educational alternatives combine customised learning with collaborative group learning in authentic, inquiry-oriented projects, provide their students with access to diverse knowledge sources and assess them for deeper understanding and further learning, alternative schools seem to be ahead of mainstream education and can serve as meaningful models for the renewal of mainstream education across the globe. INNOVATING TO LEARN, LEARNING TO INNOVATE – ISBN-978-92-64-04797-6 © OECD 2008",Sawyer_2008_Optimizing_learning_7b85d8e009_b0110_f003,D:\Documentos\AulaTeX-Academico\IIIEPE\maestria-en-enseñanza-y-aprendizaje-de-las-matematicas\fundamentos-para-la-enseñanza-y-el-aprendizaje-I\referencias\lecturas-complementarias\Sawyer-2008-Optimizing-learning.pdf,"Sawyer-2008-Optimizing-learning.pdf, p. 102; Sawyer-2008-Optimizing-learning.pdf, p. 110; Sawyer-2008-Optimizing-learning.pdf, p. 180; Sawyer-2008-Optimizing-learning.pdf, p. 187; Sawyer-2008-Optimizing-learning.pdf, p. 217; Sawyer-2008-Optimizing-learning.pdf, p. 31; Sawyer-2008-Optimizing-learning.pdf, p. 62; Sawyer-2008-Optimizing-learning.pdf, p. 63",La ficha presenta coincidencias débiles; se recomienda validar manualmente las citas. Se agruparon varias referencias dentro de la misma fuente.
12,learning innovate,baja,0.1173,0.1046,Sawyer-2008-Optimizing-learning.pdf,pdf,p. 187,187,0.1121,tfidf=0.0921; bonus=0.0200,"• Appropriate atmosphere for innovation • Flexibility in the development of innovation INNOVATING TO LEARN, LEARNING TO INNOVATE – ISBN-978-92-64-04797-6 © OECD 2008",Sawyer_2008_Optimizing_learning_7b85d8e009_b0187_f003,D:\Documentos\AulaTeX-Academico\IIIEPE\maestria-en-enseñanza-y-aprendizaje-de-las-matematicas\fundamentos-para-la-enseñanza-y-el-aprendizaje-I\referencias\lecturas-complementarias\Sawyer-2008-Optimizing-learning.pdf,"Sawyer-2008-Optimizing-learning.pdf, p. 102; Sawyer-2008-Optimizing-learning.pdf, p. 110; Sawyer-2008-Optimizing-learning.pdf, p. 180; Sawyer-2008-Optimizing-learning.pdf, p. 187; Sawyer-2008-Optimizing-learning.pdf, p. 217; Sawyer-2008-Optimizing-learning.pdf, p. 31; Sawyer-2008-Optimizing-learning.pdf, p. 62; Sawyer-2008-Optimizing-learning.pdf, p. 63",La ficha presenta coincidencias débiles; se recomienda validar manualmente las citas. Se agruparon varias referencias dentro de la misma fuente.
12,learning innovate,baja,0.1173,0.1046,Sawyer-2008-Optimizing-learning.pdf,pdf,p. 62,62,0.1027,tfidf=0.0827; bonus=0.0200,"We are at an exciting time in the study of learning. Researchers have been working since the 1970s, developing the basic sciences of learning – beginning in psychology, cognitive science, sociology, and other disciplinary traditions, and in the 1980s and 1990s, increasingly working INNOVATING TO LEARN, LEARNING TO INNOVATE – ISBN-978-92-64-04797-6 © OECD 2008",Sawyer_2008_Optimizing_learning_7b85d8e009_b0062_f003,D:\Documentos\AulaTeX-Academico\IIIEPE\maestria-en-enseñanza-y-aprendizaje-de-las-matematicas\fundamentos-para-la-enseñanza-y-el-aprendizaje-I\referencias\lecturas-complementarias\Sawyer-2008-Optimizing-learning.pdf,"Sawyer-2008-Optimizing-learning.pdf, p. 102; Sawyer-2008-Optimizing-learning.pdf, p. 110; Sawyer-2008-Optimizing-learning.pdf, p. 180; Sawyer-2008-Optimizing-learning.pdf, p. 187; Sawyer-2008-Optimizing-learning.pdf, p. 217; Sawyer-2008-Optimizing-learning.pdf, p. 31; Sawyer-2008-Optimizing-learning.pdf, p. 62; Sawyer-2008-Optimizing-learning.pdf, p. 63",La ficha presenta coincidencias débiles; se recomienda validar manualmente las citas. Se agruparon varias referencias dentro de la misma fuente.
12,learning innovate,baja,0.1173,0.1046,Sawyer-2008-Optimizing-learning.pdf,pdf,p. 31,31,0.1015,tfidf=0.0915; bonus=0.0100,CHAPTER 1. THE SEARCH FOR INNOVATIVE LEARNING ENVIRONMENTS – 29 Building on learning science research Learning science is an interdisciplinary field that studies teaching and learning from different scientific perspectives. It has clarified some key features about learning.,Sawyer_2008_Optimizing_learning_7b85d8e009_b0031_f001,D:\Documentos\AulaTeX-Academico\IIIEPE\maestria-en-enseñanza-y-aprendizaje-de-las-matematicas\fundamentos-para-la-enseñanza-y-el-aprendizaje-I\referencias\lecturas-complementarias\Sawyer-2008-Optimizing-learning.pdf,"Sawyer-2008-Optimizing-learning.pdf, p. 102; Sawyer-2008-Optimizing-learning.pdf, p. 110; Sawyer-2008-Optimizing-learning.pdf, p. 180; Sawyer-2008-Optimizing-learning.pdf, p. 187; Sawyer-2008-Optimizing-learning.pdf, p. 217; Sawyer-2008-Optimizing-learning.pdf, p. 31; Sawyer-2008-Optimizing-learning.pdf, p. 62; Sawyer-2008-Optimizing-learning.pdf, p. 63",La ficha presenta coincidencias débiles; se recomienda validar manualmente las citas. Se agruparon varias referencias dentro de la misma fuente.
12,learning innovate,baja,0.1173,0.1046,Sawyer-2008-Optimizing-learning.pdf,pdf,p. 180,180,0.1002,tfidf=0.0802; bonus=0.0200,"In these cases there are federal programmes allowing the introduction of innovation. INNOVATING TO LEARN, LEARNING TO INNOVATE – ISBN-978-92-64-04797-6 © OECD 2008",Sawyer_2008_Optimizing_learning_7b85d8e009_b0180_f003,D:\Documentos\AulaTeX-Academico\IIIEPE\maestria-en-enseñanza-y-aprendizaje-de-las-matematicas\fundamentos-para-la-enseñanza-y-el-aprendizaje-I\referencias\lecturas-complementarias\Sawyer-2008-Optimizing-learning.pdf,"Sawyer-2008-Optimizing-learning.pdf, p. 102; Sawyer-2008-Optimizing-learning.pdf, p. 110; Sawyer-2008-Optimizing-learning.pdf, p. 180; Sawyer-2008-Optimizing-learning.pdf, p. 187; Sawyer-2008-Optimizing-learning.pdf, p. 217; Sawyer-2008-Optimizing-learning.pdf, p. 31; Sawyer-2008-Optimizing-learning.pdf, p. 62; Sawyer-2008-Optimizing-learning.pdf, p. 63",La ficha presenta coincidencias débiles; se recomienda validar manualmente las citas. Se agruparon varias referencias dentro de la misma fuente.
12,learning innovate,baja,0.1173,0.1046,Sawyer-2008-Optimizing-learning.pdf,pdf,p. 102,102,0.0966,tfidf=0.0766; bonus=0.0200,"Their learning environments are set up to put the learner centre stage, to provide a wide array of learning resources and to facilitate individual as well as collaborative learning. As alternative models of education tend to emphasise the interrelation between effective learning and the learner’s emotional well- being, they often pay special attention to the aesthetic side of learning INNOVATING TO LEARN, LEARNING TO INNOVATE – ISBN-978-92-64-04797-6 © OECD 2008",Sawyer_2008_Optimizing_learning_7b85d8e009_b0102_f003,D:\Documentos\AulaTeX-Academico\IIIEPE\maestria-en-enseñanza-y-aprendizaje-de-las-matematicas\fundamentos-para-la-enseñanza-y-el-aprendizaje-I\referencias\lecturas-complementarias\Sawyer-2008-Optimizing-learning.pdf,"Sawyer-2008-Optimizing-learning.pdf, p. 102; Sawyer-2008-Optimizing-learning.pdf, p. 110; Sawyer-2008-Optimizing-learning.pdf, p. 180; Sawyer-2008-Optimizing-learning.pdf, p. 187; Sawyer-2008-Optimizing-learning.pdf, p. 217; Sawyer-2008-Optimizing-learning.pdf, p. 31; Sawyer-2008-Optimizing-learning.pdf, p. 62; Sawyer-2008-Optimizing-learning.pdf, p. 63",La ficha presenta coincidencias débiles; se recomienda validar manualmente las citas. Se agruparon varias referencias dentro de la misma fuente.
12,learning innovate,baja,0.1173,0.1046,Sawyer-2008-Optimizing-learning.pdf,pdf,p. 63,63,0.0939,tfidf=0.0739; bonus=0.0200,"As our scientific understanding of the processes of learning is increasingly refined, the final step to transform schools must be taken by our whole society: parents and teachers, and the administrators, policy makers, and politicians whom we entrust with our schools. INNOVATING TO LEARN, LEARNING TO INNOVATE – ISBN-978-92-64-04797-6 © OECD 2008",Sawyer_2008_Optimizing_learning_7b85d8e009_b0063_f001,D:\Documentos\AulaTeX-Academico\IIIEPE\maestria-en-enseñanza-y-aprendizaje-de-las-matematicas\fundamentos-para-la-enseñanza-y-el-aprendizaje-I\referencias\lecturas-complementarias\Sawyer-2008-Optimizing-learning.pdf,"Sawyer-2008-Optimizing-learning.pdf, p. 102; Sawyer-2008-Optimizing-learning.pdf, p. 110; Sawyer-2008-Optimizing-learning.pdf, p. 180; Sawyer-2008-Optimizing-learning.pdf, p. 187; Sawyer-2008-Optimizing-learning.pdf, p. 217; Sawyer-2008-Optimizing-learning.pdf, p. 31; Sawyer-2008-Optimizing-learning.pdf, p. 62; Sawyer-2008-Optimizing-learning.pdf, p. 63",La ficha presenta coincidencias débiles; se recomienda validar manualmente las citas. Se agruparon varias referencias dentro de la misma fuente.
13,learning sciences,alta,0.33,0.2747,Sawyer-2008-Optimizing-learning.pdf,pdf,p. 48,48,0.33,tfidf=0.2500; bonus=0.0800,"46 – CHAPTER 2. OPTIMISING LEARNING: IMPLICATIONS OF LEARNING SCIENCES RESEARCH researchers in these fields who were studying learning realised that they needed to develop new scientific approaches that went beyond what their own discipline could offer, and to collaborate with other disciplines. Learning sciences was born in 1991, when the first international conference was held, and the Journal of the Learning Sciences was first published.",Sawyer_2008_Optimizing_learning_7b85d8e009_b0048_f001,D:\Documentos\AulaTeX-Academico\IIIEPE\maestria-en-enseñanza-y-aprendizaje-de-las-matematicas\fundamentos-para-la-enseñanza-y-el-aprendizaje-I\referencias\lecturas-complementarias\Sawyer-2008-Optimizing-learning.pdf,"Sawyer-2008-Optimizing-learning.pdf, p. 47; Sawyer-2008-Optimizing-learning.pdf, p. 48; Sawyer-2008-Optimizing-learning.pdf, p. 55; Sawyer-2008-Optimizing-learning.pdf, p. 56; Sawyer-2008-Optimizing-learning.pdf, p. 60; Sawyer-2008-Optimizing-learning.pdf, p. 62; Sawyer-2008-Optimizing-learning.pdf, p. 65",La ficha presenta una coincidencia fuerte con el concepto buscado. Se agruparon varias referencias dentro de la misma fuente.
13,learning sciences,alta,0.33,0.2747,Sawyer-2008-Optimizing-learning.pdf,pdf,p. 56,56,0.3219,tfidf=0.2419; bonus=0.0800,"2.5. Design principles from the learning sciences Research emerging from the learning sciences is still too premature to specify a single, well articulated alternative model of schooling. However, learning sciences findings imply several principles that can be used to guide the development of new models of schooling that are more closely aligned with the innovation economy.",Sawyer_2008_Optimizing_learning_7b85d8e009_b0056_f002,D:\Documentos\AulaTeX-Academico\IIIEPE\maestria-en-enseñanza-y-aprendizaje-de-las-matematicas\fundamentos-para-la-enseñanza-y-el-aprendizaje-I\referencias\lecturas-complementarias\Sawyer-2008-Optimizing-learning.pdf,"Sawyer-2008-Optimizing-learning.pdf, p. 47; Sawyer-2008-Optimizing-learning.pdf, p. 48; Sawyer-2008-Optimizing-learning.pdf, p. 55; Sawyer-2008-Optimizing-learning.pdf, p. 56; Sawyer-2008-Optimizing-learning.pdf, p. 60; Sawyer-2008-Optimizing-learning.pdf, p. 62; Sawyer-2008-Optimizing-learning.pdf, p. 65",La ficha presenta una coincidencia fuerte con el concepto buscado. Se agruparon varias referencias dentro de la misma fuente.
13,learning sciences,alta,0.33,0.2747,Sawyer-2008-Optimizing-learning.pdf,pdf,p. 47,47,0.311,tfidf=0.2310; bonus=0.0800,"CHAPTER 2. OPTIMISING LEARNING: IMPLICATIONS OF LEARNING SCIENCES RESEARCH – 45 Chapter 2 Optimising Learning Implications of Learning Sciences Research by R. Keith Sawyer1 This chapter introduces the field of learning sciences, and outlines some of its key findings in recent years.",Sawyer_2008_Optimizing_learning_7b85d8e009_b0047_f001,D:\Documentos\AulaTeX-Academico\IIIEPE\maestria-en-enseñanza-y-aprendizaje-de-las-matematicas\fundamentos-para-la-enseñanza-y-el-aprendizaje-I\referencias\lecturas-complementarias\Sawyer-2008-Optimizing-learning.pdf,"Sawyer-2008-Optimizing-learning.pdf, p. 47; Sawyer-2008-Optimizing-learning.pdf, p. 48; Sawyer-2008-Optimizing-learning.pdf, p. 55; Sawyer-2008-Optimizing-learning.pdf, p. 56; Sawyer-2008-Optimizing-learning.pdf, p. 60; Sawyer-2008-Optimizing-learning.pdf, p. 62; Sawyer-2008-Optimizing-learning.pdf, p. 65",La ficha presenta una coincidencia fuerte con el concepto buscado. Se agruparon varias referencias dentro de la misma fuente.
13,learning sciences,alta,0.33,0.2747,Sawyer-2008-Optimizing-learning.pdf,pdf,p. 60,60,0.2761,tfidf=0.1961; bonus=0.0800,"58 – CHAPTER 2. OPTIMISING LEARNING: IMPLICATIONS OF LEARNING SCIENCES RESEARCH mathematics tests do not assess model-based reasoning (Lehrer and Schauble, 2006); science tests do not assess whether pre-existing misconceptions have indeed been left behind (diSessa, 2006; Linn, 2006) nor do they assess problem-solving or inquiry skills (Krajcik and Blumenfeld, 2006). As long as schools are evaluated on how well their students do on such tests, it will be difficult for them to leave the standard model behind.",Sawyer_2008_Optimizing_learning_7b85d8e009_b0060_f001,D:\Documentos\AulaTeX-Academico\IIIEPE\maestria-en-enseñanza-y-aprendizaje-de-las-matematicas\fundamentos-para-la-enseñanza-y-el-aprendizaje-I\referencias\lecturas-complementarias\Sawyer-2008-Optimizing-learning.pdf,"Sawyer-2008-Optimizing-learning.pdf, p. 47; Sawyer-2008-Optimizing-learning.pdf, p. 48; Sawyer-2008-Optimizing-learning.pdf, p. 55; Sawyer-2008-Optimizing-learning.pdf, p. 56; Sawyer-2008-Optimizing-learning.pdf, p. 60; Sawyer-2008-Optimizing-learning.pdf, p. 62; Sawyer-2008-Optimizing-learning.pdf, p. 65",La ficha presenta una coincidencia fuerte con el concepto buscado. Se agruparon varias referencias dentro de la misma fuente.
13,learning sciences,alta,0.33,0.2747,Sawyer-2008-Optimizing-learning.pdf,pdf,p. 47,47,0.2723,tfidf=0.1923; bonus=0.0800,"The goal of the learning sciences is to better understand the cognitive and social processes that result in the most effective learning, and to use this knowledge to redesign classrooms and other learning environments so that people learn more deeply and more effectively. The sciences of learning include cognitive science, educational psychology, computer science, anthropology, sociology, information sciences, neurosciences, education, design studies, instructional design, and other fields.",Sawyer_2008_Optimizing_learning_7b85d8e009_b0047_f002,D:\Documentos\AulaTeX-Academico\IIIEPE\maestria-en-enseñanza-y-aprendizaje-de-las-matematicas\fundamentos-para-la-enseñanza-y-el-aprendizaje-I\referencias\lecturas-complementarias\Sawyer-2008-Optimizing-learning.pdf,"Sawyer-2008-Optimizing-learning.pdf, p. 47; Sawyer-2008-Optimizing-learning.pdf, p. 48; Sawyer-2008-Optimizing-learning.pdf, p. 55; Sawyer-2008-Optimizing-learning.pdf, p. 56; Sawyer-2008-Optimizing-learning.pdf, p. 60; Sawyer-2008-Optimizing-learning.pdf, p. 62; Sawyer-2008-Optimizing-learning.pdf, p. 65",La ficha presenta una coincidencia fuerte con el concepto buscado. Se agruparon varias referencias dentro de la misma fuente.
13,learning sciences,alta,0.33,0.2747,Sawyer-2008-Optimizing-learning.pdf,pdf,p. 62,62,0.2322,tfidf=0.1522; bonus=0.0800,"The learning sciences offer us a set of research findings that allow us to begin to create new models of learning. Those societies that can effectively develop learning environments that are in accordance with learning sciences principles will be the leaders in the 21st Century (OECD, 2000, 2004).",Sawyer_2008_Optimizing_learning_7b85d8e009_b0062_f003,D:\Documentos\AulaTeX-Academico\IIIEPE\maestria-en-enseñanza-y-aprendizaje-de-las-matematicas\fundamentos-para-la-enseñanza-y-el-aprendizaje-I\referencias\lecturas-complementarias\Sawyer-2008-Optimizing-learning.pdf,"Sawyer-2008-Optimizing-learning.pdf, p. 47; Sawyer-2008-Optimizing-learning.pdf, p. 48; Sawyer-2008-Optimizing-learning.pdf, p. 55; Sawyer-2008-Optimizing-learning.pdf, p. 56; Sawyer-2008-Optimizing-learning.pdf, p. 60; Sawyer-2008-Optimizing-learning.pdf, p. 62; Sawyer-2008-Optimizing-learning.pdf, p. 65",La ficha presenta una coincidencia fuerte con el concepto buscado. Se agruparon varias referencias dentro de la misma fuente.
13,learning sciences,alta,0.33,0.2747,Sawyer-2008-Optimizing-learning.pdf,pdf,p. 65,65,0.2309,tfidf=0.1509; bonus=0.0800,"CHAPTER 2. OPTIMISING LEARNING: IMPLICATIONS OF LEARNING SCIENCES RESEARCH – 63 Information Processing: The Impact of Herbert A. Simon, Mahwah, NJ: Erlbaum, pp.",Sawyer_2008_Optimizing_learning_7b85d8e009_b0065_f001,D:\Documentos\AulaTeX-Academico\IIIEPE\maestria-en-enseñanza-y-aprendizaje-de-las-matematicas\fundamentos-para-la-enseñanza-y-el-aprendizaje-I\referencias\lecturas-complementarias\Sawyer-2008-Optimizing-learning.pdf,"Sawyer-2008-Optimizing-learning.pdf, p. 47; Sawyer-2008-Optimizing-learning.pdf, p. 48; Sawyer-2008-Optimizing-learning.pdf, p. 55; Sawyer-2008-Optimizing-learning.pdf, p. 56; Sawyer-2008-Optimizing-learning.pdf, p. 60; Sawyer-2008-Optimizing-learning.pdf, p. 62; Sawyer-2008-Optimizing-learning.pdf, p. 65",La ficha presenta una coincidencia fuerte con el concepto buscado. Se agruparon varias referencias dentro de la misma fuente.
13,learning sciences,alta,0.33,0.2747,Sawyer-2008-Optimizing-learning.pdf,pdf,p. 55,55,0.2236,tfidf=0.1436; bonus=0.0800,"CHAPTER 2. OPTIMISING LEARNING: IMPLICATIONS OF LEARNING SCIENCES RESEARCH – 53 knowledge about cognitive development that has resulted from this research is absolutely critical to reforming schooling so that it is based on the basic sciences of learning. Standard model schools were developed under the behaviourist assumption that children enter school with empty minds, and the role of school is to fill up those minds with knowledge.",Sawyer_2008_Optimizing_learning_7b85d8e009_b0055_f001,D:\Documentos\AulaTeX-Academico\IIIEPE\maestria-en-enseñanza-y-aprendizaje-de-las-matematicas\fundamentos-para-la-enseñanza-y-el-aprendizaje-I\referencias\lecturas-complementarias\Sawyer-2008-Optimizing-learning.pdf,"Sawyer-2008-Optimizing-learning.pdf, p. 47; Sawyer-2008-Optimizing-learning.pdf, p. 48; Sawyer-2008-Optimizing-learning.pdf, p. 55; Sawyer-2008-Optimizing-learning.pdf, p. 56; Sawyer-2008-Optimizing-learning.pdf, p. 60; Sawyer-2008-Optimizing-learning.pdf, p. 62; Sawyer-2008-Optimizing-learning.pdf, p. 65",La ficha presenta una coincidencia fuerte con el concepto buscado. Se agruparon varias referencias dentro de la misma fuente.
14,locales referencias,baja,0.0978,0.0936,Meirieu-2020-La-escuela-despues-es.pdf,pdf,p. 2,2,0.0978,tfidf=0.0878; bonus=0.0100,file:///D:/Documentos/AulaTeX-Academico/IIIEPE/maestria-en-ense%C3%B1anza-y-aprendizaje-de-las-matematicas/fundamentos-para-la-ense%C3%B1anza-y-el-aprendizaje-I/referencias/lecturas-complementaria… 2/24,Meirieu_2020_La_escuela_despues_es_36d50aeaf1_b0002_f004,D:\Documentos\AulaTeX-Academico\IIIEPE\maestria-en-enseñanza-y-aprendizaje-de-las-matematicas\fundamentos-para-la-enseñanza-y-el-aprendizaje-I\referencias\lecturas-complementarias\Meirieu-2020-La-escuela-despues-es.pdf,"Meirieu-2020-La-escuela-despues-es.pdf, p. 10; Meirieu-2020-La-escuela-despues-es.pdf, p. 13; Meirieu-2020-La-escuela-despues-es.pdf, p. 15; Meirieu-2020-La-escuela-despues-es.pdf, p. 2; Meirieu-2020-La-escuela-despues-es.pdf, p. 21; Meirieu-2020-La-escuela-despues-es.pdf, p. 4; Meirieu-2020-La-escuela-despues-es.pdf, p. 6; Meirieu-2020-La-escuela-despues-es.pdf, p. 8",La ficha presenta coincidencias débiles; se recomienda validar manualmente las citas. Se agruparon varias referencias dentro de la misma fuente.
14,locales referencias,baja,0.0978,0.0936,Meirieu-2020-La-escuela-despues-es.pdf,pdf,p. 4,4,0.0978,tfidf=0.0878; bonus=0.0100,file:///D:/Documentos/AulaTeX-Academico/IIIEPE/maestria-en-ense%C3%B1anza-y-aprendizaje-de-las-matematicas/fundamentos-para-la-ense%C3%B1anza-y-el-aprendizaje-I/referencias/lecturas-complementaria… 4/24,Meirieu_2020_La_escuela_despues_es_36d50aeaf1_b0004_f004,D:\Documentos\AulaTeX-Academico\IIIEPE\maestria-en-enseñanza-y-aprendizaje-de-las-matematicas\fundamentos-para-la-enseñanza-y-el-aprendizaje-I\referencias\lecturas-complementarias\Meirieu-2020-La-escuela-despues-es.pdf,"Meirieu-2020-La-escuela-despues-es.pdf, p. 10; Meirieu-2020-La-escuela-despues-es.pdf, p. 13; Meirieu-2020-La-escuela-despues-es.pdf, p. 15; Meirieu-2020-La-escuela-despues-es.pdf, p. 2; Meirieu-2020-La-escuela-despues-es.pdf, p. 21; Meirieu-2020-La-escuela-despues-es.pdf, p. 4; Meirieu-2020-La-escuela-despues-es.pdf, p. 6; Meirieu-2020-La-escuela-despues-es.pdf, p. 8",La ficha presenta coincidencias débiles; se recomienda validar manualmente las citas. Se agruparon varias referencias dentro de la misma fuente.
14,locales referencias,baja,0.0978,0.0936,Meirieu-2020-La-escuela-despues-es.pdf,pdf,p. 6,6,0.0978,tfidf=0.0878; bonus=0.0100,file:///D:/Documentos/AulaTeX-Academico/IIIEPE/maestria-en-ense%C3%B1anza-y-aprendizaje-de-las-matematicas/fundamentos-para-la-ense%C3%B1anza-y-el-aprendizaje-I/referencias/lecturas-complementaria… 6/24,Meirieu_2020_La_escuela_despues_es_36d50aeaf1_b0006_f004,D:\Documentos\AulaTeX-Academico\IIIEPE\maestria-en-enseñanza-y-aprendizaje-de-las-matematicas\fundamentos-para-la-enseñanza-y-el-aprendizaje-I\referencias\lecturas-complementarias\Meirieu-2020-La-escuela-despues-es.pdf,"Meirieu-2020-La-escuela-despues-es.pdf, p. 10; Meirieu-2020-La-escuela-despues-es.pdf, p. 13; Meirieu-2020-La-escuela-despues-es.pdf, p. 15; Meirieu-2020-La-escuela-despues-es.pdf, p. 2; Meirieu-2020-La-escuela-despues-es.pdf, p. 21; Meirieu-2020-La-escuela-despues-es.pdf, p. 4; Meirieu-2020-La-escuela-despues-es.pdf, p. 6; Meirieu-2020-La-escuela-despues-es.pdf, p. 8",La ficha presenta coincidencias débiles; se recomienda validar manualmente las citas. Se agruparon varias referencias dentro de la misma fuente.
14,locales referencias,baja,0.0978,0.0936,Meirieu-2020-La-escuela-despues-es.pdf,pdf,p. 8,8,0.0915,tfidf=0.0815; bonus=0.0100,Política de cookies file:///D:/Documentos/AulaTeX-Academico/IIIEPE/maestria-en-ense%C3%B1anza-y-aprendizaje-de-las-matematicas/fundamentos-para-la-ense%C3%B1anza-y-el-aprendizaje-I/referencias/lecturas-complementaria… 8/24,Meirieu_2020_La_escuela_despues_es_36d50aeaf1_b0008_f003,D:\Documentos\AulaTeX-Academico\IIIEPE\maestria-en-enseñanza-y-aprendizaje-de-las-matematicas\fundamentos-para-la-enseñanza-y-el-aprendizaje-I\referencias\lecturas-complementarias\Meirieu-2020-La-escuela-despues-es.pdf,"Meirieu-2020-La-escuela-despues-es.pdf, p. 10; Meirieu-2020-La-escuela-despues-es.pdf, p. 13; Meirieu-2020-La-escuela-despues-es.pdf, p. 15; Meirieu-2020-La-escuela-despues-es.pdf, p. 2; Meirieu-2020-La-escuela-despues-es.pdf, p. 21; Meirieu-2020-La-escuela-despues-es.pdf, p. 4; Meirieu-2020-La-escuela-despues-es.pdf, p. 6; Meirieu-2020-La-escuela-despues-es.pdf, p. 8",La ficha presenta coincidencias débiles; se recomienda validar manualmente las citas. Se agruparon varias referencias dentro de la misma fuente.
14,locales referencias,baja,0.0978,0.0936,Meirieu-2020-La-escuela-despues-es.pdf,pdf,p. 21,21,0.091,tfidf=0.0810; bonus=0.0100,file:///D:/Documentos/AulaTeX-Academico/IIIEPE/maestria-en-ense%C3%B1anza-y-aprendizaje-de-las-matematicas/fundamentos-para-la-ense%C3%B1anza-y-el-aprendizaje-I/referencias/lecturas-complementari… 21/24,Meirieu_2020_La_escuela_despues_es_36d50aeaf1_b0021_f002,D:\Documentos\AulaTeX-Academico\IIIEPE\maestria-en-enseñanza-y-aprendizaje-de-las-matematicas\fundamentos-para-la-enseñanza-y-el-aprendizaje-I\referencias\lecturas-complementarias\Meirieu-2020-La-escuela-despues-es.pdf,"Meirieu-2020-La-escuela-despues-es.pdf, p. 10; Meirieu-2020-La-escuela-despues-es.pdf, p. 13; Meirieu-2020-La-escuela-despues-es.pdf, p. 15; Meirieu-2020-La-escuela-despues-es.pdf, p. 2; Meirieu-2020-La-escuela-despues-es.pdf, p. 21; Meirieu-2020-La-escuela-despues-es.pdf, p. 4; Meirieu-2020-La-escuela-despues-es.pdf, p. 6; Meirieu-2020-La-escuela-despues-es.pdf, p. 8",La ficha presenta coincidencias débiles; se recomienda validar manualmente las citas. Se agruparon varias referencias dentro de la misma fuente.
14,locales referencias,baja,0.0978,0.0936,Meirieu-2020-La-escuela-despues-es.pdf,pdf,p. 15,15,0.091,tfidf=0.0810; bonus=0.0100,file:///D:/Documentos/AulaTeX-Academico/IIIEPE/maestria-en-ense%C3%B1anza-y-aprendizaje-de-las-matematicas/fundamentos-para-la-ense%C3%B1anza-y-el-aprendizaje-I/referencias/lecturas-complementari… 15/24,Meirieu_2020_La_escuela_despues_es_36d50aeaf1_b0015_f003,D:\Documentos\AulaTeX-Academico\IIIEPE\maestria-en-enseñanza-y-aprendizaje-de-las-matematicas\fundamentos-para-la-enseñanza-y-el-aprendizaje-I\referencias\lecturas-complementarias\Meirieu-2020-La-escuela-despues-es.pdf,"Meirieu-2020-La-escuela-despues-es.pdf, p. 10; Meirieu-2020-La-escuela-despues-es.pdf, p. 13; Meirieu-2020-La-escuela-despues-es.pdf, p. 15; Meirieu-2020-La-escuela-despues-es.pdf, p. 2; Meirieu-2020-La-escuela-despues-es.pdf, p. 21; Meirieu-2020-La-escuela-despues-es.pdf, p. 4; Meirieu-2020-La-escuela-despues-es.pdf, p. 6; Meirieu-2020-La-escuela-despues-es.pdf, p. 8",La ficha presenta coincidencias débiles; se recomienda validar manualmente las citas. Se agruparon varias referencias dentro de la misma fuente.
14,locales referencias,baja,0.0978,0.0936,Meirieu-2020-La-escuela-despues-es.pdf,pdf,p. 13,13,0.0909,tfidf=0.0809; bonus=0.0100,file:///D:/Documentos/AulaTeX-Academico/IIIEPE/maestria-en-ense%C3%B1anza-y-aprendizaje-de-las-matematicas/fundamentos-para-la-ense%C3%B1anza-y-el-aprendizaje-I/referencias/lecturas-complementari… 13/24,Meirieu_2020_La_escuela_despues_es_36d50aeaf1_b0013_f003,D:\Documentos\AulaTeX-Academico\IIIEPE\maestria-en-enseñanza-y-aprendizaje-de-las-matematicas\fundamentos-para-la-enseñanza-y-el-aprendizaje-I\referencias\lecturas-complementarias\Meirieu-2020-La-escuela-despues-es.pdf,"Meirieu-2020-La-escuela-despues-es.pdf, p. 10; Meirieu-2020-La-escuela-despues-es.pdf, p. 13; Meirieu-2020-La-escuela-despues-es.pdf, p. 15; Meirieu-2020-La-escuela-despues-es.pdf, p. 2; Meirieu-2020-La-escuela-despues-es.pdf, p. 21; Meirieu-2020-La-escuela-despues-es.pdf, p. 4; Meirieu-2020-La-escuela-despues-es.pdf, p. 6; Meirieu-2020-La-escuela-despues-es.pdf, p. 8",La ficha presenta coincidencias débiles; se recomienda validar manualmente las citas. Se agruparon varias referencias dentro de la misma fuente.
14,locales referencias,baja,0.0978,0.0936,Meirieu-2020-La-escuela-despues-es.pdf,pdf,p. 10,10,0.0907,tfidf=0.0807; bonus=0.0100,file:///D:/Documentos/AulaTeX-Academico/IIIEPE/maestria-en-ense%C3%B1anza-y-aprendizaje-de-las-matematicas/fundamentos-para-la-ense%C3%B1anza-y-el-aprendizaje-I/referencias/lecturas-complementari… 10/24,Meirieu_2020_La_escuela_despues_es_36d50aeaf1_b0010_f003,D:\Documentos\AulaTeX-Academico\IIIEPE\maestria-en-enseñanza-y-aprendizaje-de-las-matematicas\fundamentos-para-la-enseñanza-y-el-aprendizaje-I\referencias\lecturas-complementarias\Meirieu-2020-La-escuela-despues-es.pdf,"Meirieu-2020-La-escuela-despues-es.pdf, p. 10; Meirieu-2020-La-escuela-despues-es.pdf, p. 13; Meirieu-2020-La-escuela-despues-es.pdf, p. 15; Meirieu-2020-La-escuela-despues-es.pdf, p. 2; Meirieu-2020-La-escuela-despues-es.pdf, p. 21; Meirieu-2020-La-escuela-despues-es.pdf, p. 4; Meirieu-2020-La-escuela-despues-es.pdf, p. 6; Meirieu-2020-La-escuela-despues-es.pdf, p. 8",La ficha presenta coincidencias débiles; se recomienda validar manualmente las citas. Se agruparon varias referencias dentro de la misma fuente.
15,meirieu escuela,media,0.1541,0.1176,Meirieu-2020-La-escuela-despues-es.pdf,pdf,p. 18,18,0.1541,tfidf=0.1341; bonus=0.0200,"14/9/26, 14:37 «LA ESCUELA DESPUÉS»… ¿CON LA PEDAGOGÍA DE ANTES? Philippe Meirieu – MCEP Hay varias cosas que me han resultado muy interesantes en este artículo: Qué difícil es que coincidan equipos pedagógicos que se animen a arriesgar y a innovar de verdad y que eso coincida con administraciones descuidadas o desatentas (no sé cuál de las dos situaciones es más complicada que ocurra, probablemente la segunda).",Meirieu_2020_La_escuela_despues_es_36d50aeaf1_b0018_f001,D:\Documentos\AulaTeX-Academico\IIIEPE\maestria-en-enseñanza-y-aprendizaje-de-las-matematicas\fundamentos-para-la-enseñanza-y-el-aprendizaje-I\referencias\lecturas-complementarias\Meirieu-2020-La-escuela-despues-es.pdf,"Meirieu-2020-La-escuela-despues-es.pdf, p. 17; Meirieu-2020-La-escuela-despues-es.pdf, p. 18; Meirieu-2020-La-escuela-despues-es.pdf, p. 21; Meirieu-2020-La-escuela-despues-es.pdf, p. 23; Meirieu-2020-La-escuela-despues-es.pdf, p. 3; Meirieu-2020-La-escuela-despues-es.pdf, p. 4; Meirieu-2020-La-escuela-despues-es.pdf, p. 7; Meirieu-2020-La-escuela-despues-es.pdf, p. 9","La ficha presenta coincidencias útiles, pero conviene revisar la pertinencia de cada cita. Se agruparon varias referencias dentro de la misma fuente."
15,meirieu escuela,media,0.1541,0.1176,Meirieu-2020-La-escuela-despues-es.pdf,pdf,p. 9,9,0.1444,tfidf=0.1244; bonus=0.0200,"14/9/26, 14:37 «LA ESCUELA DESPUÉS»… ¿CON LA PEDAGOGÍA DE ANTES? Philippe Meirieu – MCEP pocos.",Meirieu_2020_La_escuela_despues_es_36d50aeaf1_b0009_f001,D:\Documentos\AulaTeX-Academico\IIIEPE\maestria-en-enseñanza-y-aprendizaje-de-las-matematicas\fundamentos-para-la-enseñanza-y-el-aprendizaje-I\referencias\lecturas-complementarias\Meirieu-2020-La-escuela-despues-es.pdf,"Meirieu-2020-La-escuela-despues-es.pdf, p. 17; Meirieu-2020-La-escuela-despues-es.pdf, p. 18; Meirieu-2020-La-escuela-despues-es.pdf, p. 21; Meirieu-2020-La-escuela-despues-es.pdf, p. 23; Meirieu-2020-La-escuela-despues-es.pdf, p. 3; Meirieu-2020-La-escuela-despues-es.pdf, p. 4; Meirieu-2020-La-escuela-despues-es.pdf, p. 7; Meirieu-2020-La-escuela-despues-es.pdf, p. 9","La ficha presenta coincidencias útiles, pero conviene revisar la pertinencia de cada cita. Se agruparon varias referencias dentro de la misma fuente."
15,meirieu escuela,media,0.1541,0.1176,Meirieu-2020-La-escuela-despues-es.pdf,pdf,p. 21,21,0.1166,tfidf=0.0966; bonus=0.0200,"14/9/26, 14:37 «LA ESCUELA DESPUÉS»… ¿CON LA PEDAGOGÍA DE ANTES? Philippe Meirieu – MCEP F.I.M.E.M.",Meirieu_2020_La_escuela_despues_es_36d50aeaf1_b0021_f001,D:\Documentos\AulaTeX-Academico\IIIEPE\maestria-en-enseñanza-y-aprendizaje-de-las-matematicas\fundamentos-para-la-enseñanza-y-el-aprendizaje-I\referencias\lecturas-complementarias\Meirieu-2020-La-escuela-despues-es.pdf,"Meirieu-2020-La-escuela-despues-es.pdf, p. 17; Meirieu-2020-La-escuela-despues-es.pdf, p. 18; Meirieu-2020-La-escuela-despues-es.pdf, p. 21; Meirieu-2020-La-escuela-despues-es.pdf, p. 23; Meirieu-2020-La-escuela-despues-es.pdf, p. 3; Meirieu-2020-La-escuela-despues-es.pdf, p. 4; Meirieu-2020-La-escuela-despues-es.pdf, p. 7; Meirieu-2020-La-escuela-despues-es.pdf, p. 9","La ficha presenta coincidencias útiles, pero conviene revisar la pertinencia de cada cita. Se agruparon varias referencias dentro de la misma fuente."
15,meirieu escuela,media,0.1541,0.1176,Meirieu-2020-La-escuela-despues-es.pdf,pdf,p. 17,17,0.109,tfidf=0.0890; bonus=0.0200,"14/9/26, 14:37 «LA ESCUELA DESPUÉS»… ¿CON LA PEDAGOGÍA DE ANTES? Philippe Meirieu – MCEP seguramente muy laborioso para los educadores.",Meirieu_2020_La_escuela_despues_es_36d50aeaf1_b0017_f001,D:\Documentos\AulaTeX-Academico\IIIEPE\maestria-en-enseñanza-y-aprendizaje-de-las-matematicas\fundamentos-para-la-enseñanza-y-el-aprendizaje-I\referencias\lecturas-complementarias\Meirieu-2020-La-escuela-despues-es.pdf,"Meirieu-2020-La-escuela-despues-es.pdf, p. 17; Meirieu-2020-La-escuela-despues-es.pdf, p. 18; Meirieu-2020-La-escuela-despues-es.pdf, p. 21; Meirieu-2020-La-escuela-despues-es.pdf, p. 23; Meirieu-2020-La-escuela-despues-es.pdf, p. 3; Meirieu-2020-La-escuela-despues-es.pdf, p. 4; Meirieu-2020-La-escuela-despues-es.pdf, p. 7; Meirieu-2020-La-escuela-despues-es.pdf, p. 9","La ficha presenta coincidencias útiles, pero conviene revisar la pertinencia de cada cita. Se agruparon varias referencias dentro de la misma fuente."
15,meirieu escuela,media,0.1541,0.1176,Meirieu-2020-La-escuela-despues-es.pdf,pdf,p. 4,4,0.1081,tfidf=0.0881; bonus=0.0200,"14/9/26, 14:37 «LA ESCUELA DESPUÉS»… ¿CON LA PEDAGOGÍA DE ANTES? Philippe Meirieu – MCEP «infinitamente compartibles», como decía Fichte, es decir, capaces de hacernos percibir que, a pesar de nuestras diferencias, todos estamos llamados a participar en la construcción de lo común… ¿Seremos escuchados?",Meirieu_2020_La_escuela_despues_es_36d50aeaf1_b0004_f001,D:\Documentos\AulaTeX-Academico\IIIEPE\maestria-en-enseñanza-y-aprendizaje-de-las-matematicas\fundamentos-para-la-enseñanza-y-el-aprendizaje-I\referencias\lecturas-complementarias\Meirieu-2020-La-escuela-despues-es.pdf,"Meirieu-2020-La-escuela-despues-es.pdf, p. 17; Meirieu-2020-La-escuela-despues-es.pdf, p. 18; Meirieu-2020-La-escuela-despues-es.pdf, p. 21; Meirieu-2020-La-escuela-despues-es.pdf, p. 23; Meirieu-2020-La-escuela-despues-es.pdf, p. 3; Meirieu-2020-La-escuela-despues-es.pdf, p. 4; Meirieu-2020-La-escuela-despues-es.pdf, p. 7; Meirieu-2020-La-escuela-despues-es.pdf, p. 9","La ficha presenta coincidencias útiles, pero conviene revisar la pertinencia de cada cita. Se agruparon varias referencias dentro de la misma fuente."
15,meirieu escuela,media,0.1541,0.1176,Meirieu-2020-La-escuela-despues-es.pdf,pdf,p. 3,3,0.1075,tfidf=0.0875; bonus=0.0200,"14/9/26, 14:37 «LA ESCUELA DESPUÉS»… ¿CON LA PEDAGOGÍA DE ANTES? Philippe Meirieu – MCEP tiempo, crea algo común y acompaña a cada uno en su singularidad.",Meirieu_2020_La_escuela_despues_es_36d50aeaf1_b0003_f001,D:\Documentos\AulaTeX-Academico\IIIEPE\maestria-en-enseñanza-y-aprendizaje-de-las-matematicas\fundamentos-para-la-enseñanza-y-el-aprendizaje-I\referencias\lecturas-complementarias\Meirieu-2020-La-escuela-despues-es.pdf,"Meirieu-2020-La-escuela-despues-es.pdf, p. 17; Meirieu-2020-La-escuela-despues-es.pdf, p. 18; Meirieu-2020-La-escuela-despues-es.pdf, p. 21; Meirieu-2020-La-escuela-despues-es.pdf, p. 23; Meirieu-2020-La-escuela-despues-es.pdf, p. 3; Meirieu-2020-La-escuela-despues-es.pdf, p. 4; Meirieu-2020-La-escuela-despues-es.pdf, p. 7; Meirieu-2020-La-escuela-despues-es.pdf, p. 9","La ficha presenta coincidencias útiles, pero conviene revisar la pertinencia de cada cita. Se agruparon varias referencias dentro de la misma fuente."
15,meirieu escuela,media,0.1541,0.1176,Meirieu-2020-La-escuela-despues-es.pdf,pdf,p. 23,23,0.1006,tfidf=0.0806; bonus=0.0200,"14/9/26, 14:37 «LA ESCUELA DESPUÉS»… ¿CON LA PEDAGOGÍA DE ANTES? Philippe Meirieu – MCEP Cargar más Seguir en Instagram Te pueden interesar… Gestionar el consentimiento de las cookies Para ofrecer las mejores experiencias, utilizamos tecnologías como las cookies para almacenar y/o acceder a la información del dispositivo.",Meirieu_2020_La_escuela_despues_es_36d50aeaf1_b0023_f001,D:\Documentos\AulaTeX-Academico\IIIEPE\maestria-en-enseñanza-y-aprendizaje-de-las-matematicas\fundamentos-para-la-enseñanza-y-el-aprendizaje-I\referencias\lecturas-complementarias\Meirieu-2020-La-escuela-despues-es.pdf,"Meirieu-2020-La-escuela-despues-es.pdf, p. 17; Meirieu-2020-La-escuela-despues-es.pdf, p. 18; Meirieu-2020-La-escuela-despues-es.pdf, p. 21; Meirieu-2020-La-escuela-despues-es.pdf, p. 23; Meirieu-2020-La-escuela-despues-es.pdf, p. 3; Meirieu-2020-La-escuela-despues-es.pdf, p. 4; Meirieu-2020-La-escuela-despues-es.pdf, p. 7; Meirieu-2020-La-escuela-despues-es.pdf, p. 9","La ficha presenta coincidencias útiles, pero conviene revisar la pertinencia de cada cita. Se agruparon varias referencias dentro de la misma fuente."
15,meirieu escuela,media,0.1541,0.1176,Meirieu-2020-La-escuela-despues-es.pdf,pdf,p. 7,7,0.1001,tfidf=0.0801; bonus=0.0200,"No consentir o retirar el consentimiento, puede afectar negativamente a ciertas características y funciones. 45 thoughts on “«LA ESCUELA DESPUÉS»… ¿CON LA PEDAGOGÍA DE ANTES? Philippe Meirieu” Jorge Fernández dice: 23 junio, 2021 a las 00:45 Política de cookies file:///D:/Documentos/AulaTeX-Academico/IIIEPE/maestria-en-ense%C3%B1anza-y-aprendizaje-de-las-matematicas/fundamentos-para-la-ense%C3%B1anza-y-el-aprendizaje-I/referencias/lecturas-complementaria… 7/24",Meirieu_2020_La_escuela_despues_es_36d50aeaf1_b0007_f003,D:\Documentos\AulaTeX-Academico\IIIEPE\maestria-en-enseñanza-y-aprendizaje-de-las-matematicas\fundamentos-para-la-enseñanza-y-el-aprendizaje-I\referencias\lecturas-complementarias\Meirieu-2020-La-escuela-despues-es.pdf,"Meirieu-2020-La-escuela-despues-es.pdf, p. 17; Meirieu-2020-La-escuela-despues-es.pdf, p. 18; Meirieu-2020-La-escuela-despues-es.pdf, p. 21; Meirieu-2020-La-escuela-despues-es.pdf, p. 23; Meirieu-2020-La-escuela-despues-es.pdf, p. 3; Meirieu-2020-La-escuela-despues-es.pdf, p. 4; Meirieu-2020-La-escuela-despues-es.pdf, p. 7; Meirieu-2020-La-escuela-despues-es.pdf, p. 9","La ficha presenta coincidencias útiles, pero conviene revisar la pertinencia de cada cita. Se agruparon varias referencias dentro de la misma fuente."
16,philippe meirieu,media,0.2317,0.1721,Meirieu-2020-La-escuela-despues-es.pdf,pdf,p. 7,7,0.2317,tfidf=0.1517; bonus=0.0800,"Philippe Meirieu L’Ecole d’après : les contributions Le site de P Meirieu Philippe Meirieu publiera fin août un ouvrage : Ce que l’éducation peut encore pour la démocratie (Éditions Autrement) Gestionar el consentimiento de las cookies  EDUCAR DESDE LAS ARTES Y LAS CIENCIAS MCEP-IMAGEN (Paco Lara, MCEP-Madrid) POÉTICA-25 ",Meirieu_2020_La_escuela_despues_es_36d50aeaf1_b0007_f002,D:\Documentos\AulaTeX-Academico\IIIEPE\maestria-en-enseñanza-y-aprendizaje-de-las-matematicas\fundamentos-para-la-enseñanza-y-el-aprendizaje-I\referencias\lecturas-complementarias\Meirieu-2020-La-escuela-despues-es.pdf,"Meirieu-2020-L-ecole-d-apres.pdf, p. 6; Meirieu-2020-La-escuela-despues-es.pdf, p. 21; Meirieu-2020-La-escuela-despues-es.pdf, p. 22; Meirieu-2020-La-escuela-despues-es.pdf, p. 23; Meirieu-2020-La-escuela-despues-es.pdf, p. 4; Meirieu-2020-La-escuela-despues-es.pdf, p. 5; Meirieu-2020-La-escuela-despues-es.pdf, p. 7","La ficha presenta coincidencias útiles, pero conviene revisar la pertinencia de cada cita. Se agruparon referencias de múltiples fuentes para enriquecer el concepto."
16,philippe meirieu,media,0.2317,0.1721,Meirieu-2020-La-escuela-despues-es.pdf,pdf,p. 23,23,0.1907,tfidf=0.1107; bonus=0.0800,"14/9/26, 14:37 «LA ESCUELA DESPUÉS»… ¿CON LA PEDAGOGÍA DE ANTES? Philippe Meirieu – MCEP Cargar más Seguir en Instagram Te pueden interesar… Gestionar el consentimiento de las cookies Para ofrecer las mejores experiencias, utilizamos tecnologías como las cookies para almacenar y/o acceder a la información del dispositivo. El consentimiento de estas tecnologías nos permitirá procesar datos como el comportamiento de navegación o las identificaciones únicas en este sitio.",Meirieu_2020_La_escuela_despues_es_36d50aeaf1_b0023_f001,D:\Documentos\AulaTeX-Academico\IIIEPE\maestria-en-enseñanza-y-aprendizaje-de-las-matematicas\fundamentos-para-la-enseñanza-y-el-aprendizaje-I\referencias\lecturas-complementarias\Meirieu-2020-La-escuela-despues-es.pdf,"Meirieu-2020-L-ecole-d-apres.pdf, p. 6; Meirieu-2020-La-escuela-despues-es.pdf, p. 21; Meirieu-2020-La-escuela-despues-es.pdf, p. 22; Meirieu-2020-La-escuela-despues-es.pdf, p. 23; Meirieu-2020-La-escuela-despues-es.pdf, p. 4; Meirieu-2020-La-escuela-despues-es.pdf, p. 5; Meirieu-2020-La-escuela-despues-es.pdf, p. 7","La ficha presenta coincidencias útiles, pero conviene revisar la pertinencia de cada cita. Se agruparon referencias de múltiples fuentes para enriquecer el concepto."
16,philippe meirieu,media,0.2317,0.1721,Meirieu-2020-La-escuela-despues-es.pdf,pdf,p. 7,7,0.19,tfidf=0.1100; bonus=0.0800,"45 thoughts on “«LA ESCUELA DESPUÉS»… ¿CON LA PEDAGOGÍA DE ANTES? Philippe Meirieu” Jorge Fernández dice: 23 junio, 2021 a las 00:45 Política de cookies file:///D:/Documentos/AulaTeX-Academico/IIIEPE/maestria-en-ense%C3%B1anza-y-aprendizaje-de-las-matematicas/fundamentos-para-la-ense%C3%B1anza-y-el-aprendizaje-I/referencias/lecturas-complementaria… 7/24",Meirieu_2020_La_escuela_despues_es_36d50aeaf1_b0007_f003,D:\Documentos\AulaTeX-Academico\IIIEPE\maestria-en-enseñanza-y-aprendizaje-de-las-matematicas\fundamentos-para-la-enseñanza-y-el-aprendizaje-I\referencias\lecturas-complementarias\Meirieu-2020-La-escuela-despues-es.pdf,"Meirieu-2020-L-ecole-d-apres.pdf, p. 6; Meirieu-2020-La-escuela-despues-es.pdf, p. 21; Meirieu-2020-La-escuela-despues-es.pdf, p. 22; Meirieu-2020-La-escuela-despues-es.pdf, p. 23; Meirieu-2020-La-escuela-despues-es.pdf, p. 4; Meirieu-2020-La-escuela-despues-es.pdf, p. 5; Meirieu-2020-La-escuela-despues-es.pdf, p. 7","La ficha presenta coincidencias útiles, pero conviene revisar la pertinencia de cada cita. Se agruparon referencias de múltiples fuentes para enriquecer el concepto."
16,philippe meirieu,media,0.2317,0.1721,Meirieu-2020-La-escuela-despues-es.pdf,pdf,p. 21,21,0.1561,tfidf=0.0761; bonus=0.0800,"14/9/26, 14:37 «LA ESCUELA DESPUÉS»… ¿CON LA PEDAGOGÍA DE ANTES? Philippe Meirieu – MCEP F.I.M.E.M. Fed.",Meirieu_2020_La_escuela_despues_es_36d50aeaf1_b0021_f001,D:\Documentos\AulaTeX-Academico\IIIEPE\maestria-en-enseñanza-y-aprendizaje-de-las-matematicas\fundamentos-para-la-enseñanza-y-el-aprendizaje-I\referencias\lecturas-complementarias\Meirieu-2020-La-escuela-despues-es.pdf,"Meirieu-2020-L-ecole-d-apres.pdf, p. 6; Meirieu-2020-La-escuela-despues-es.pdf, p. 21; Meirieu-2020-La-escuela-despues-es.pdf, p. 22; Meirieu-2020-La-escuela-despues-es.pdf, p. 23; Meirieu-2020-La-escuela-despues-es.pdf, p. 4; Meirieu-2020-La-escuela-despues-es.pdf, p. 5; Meirieu-2020-La-escuela-despues-es.pdf, p. 7","La ficha presenta coincidencias útiles, pero conviene revisar la pertinencia de cada cita. Se agruparon referencias de múltiples fuentes para enriquecer el concepto."
16,philippe meirieu,media,0.2317,0.1721,Meirieu-2020-L-ecole-d-apres.pdf,pdf,p. 6,6,0.1557,tfidf=0.0757; bonus=0.0800,"Quand, partout, on leur susurrait à l’oreille qu’ils ne pouvaient trouver leur plaisir que dans la consommation effrénée de l’épuisable, notre éducation doit démontrer, au quotidien, que le vrai plaisir est dans le partage de l’inépuisable : les œuvres d’art et de culture, les connaissances et les savoirs, la transmission et la création… tout ce qui peut se multiplier à l’infini puisque chacune et chacun, en y accédant, n’en prive personne et que quiconque y accède peut le partager à l’infini avec autrui. Philippe Meirieu publiera fin août un ouvrage : Ce que l’éducation peut encore pour la démocratie (Éditions Autrement) 6",Meirieu_2020_L_ecole_d_apres_e623c610a1_b0006_f002,D:\Documentos\AulaTeX-Academico\IIIEPE\maestria-en-enseñanza-y-aprendizaje-de-las-matematicas\fundamentos-para-la-enseñanza-y-el-aprendizaje-I\referencias\lecturas-complementarias\Meirieu-2020-L-ecole-d-apres.pdf,"Meirieu-2020-L-ecole-d-apres.pdf, p. 6; Meirieu-2020-La-escuela-despues-es.pdf, p. 21; Meirieu-2020-La-escuela-despues-es.pdf, p. 22; Meirieu-2020-La-escuela-despues-es.pdf, p. 23; Meirieu-2020-La-escuela-despues-es.pdf, p. 4; Meirieu-2020-La-escuela-despues-es.pdf, p. 5; Meirieu-2020-La-escuela-despues-es.pdf, p. 7","La ficha presenta coincidencias útiles, pero conviene revisar la pertinencia de cada cita. Se agruparon referencias de múltiples fuentes para enriquecer el concepto."
16,philippe meirieu,media,0.2317,0.1721,Meirieu-2020-La-escuela-despues-es.pdf,pdf,p. 22,22,0.1531,tfidf=0.0731; bonus=0.0800,"14/9/26, 14:37 «LA ESCUELA DESPUÉS»… ¿CON LA PEDAGOGÍA DE ANTES? Philippe Meirieu – MCEP Enlace a Síguenos en Redes Sociales. Únete a nuestro canal de Telegram.",Meirieu_2020_La_escuela_despues_es_36d50aeaf1_b0022_f001,D:\Documentos\AulaTeX-Academico\IIIEPE\maestria-en-enseñanza-y-aprendizaje-de-las-matematicas\fundamentos-para-la-enseñanza-y-el-aprendizaje-I\referencias\lecturas-complementarias\Meirieu-2020-La-escuela-despues-es.pdf,"Meirieu-2020-L-ecole-d-apres.pdf, p. 6; Meirieu-2020-La-escuela-despues-es.pdf, p. 21; Meirieu-2020-La-escuela-despues-es.pdf, p. 22; Meirieu-2020-La-escuela-despues-es.pdf, p. 23; Meirieu-2020-La-escuela-despues-es.pdf, p. 4; Meirieu-2020-La-escuela-despues-es.pdf, p. 5; Meirieu-2020-La-escuela-despues-es.pdf, p. 7","La ficha presenta coincidencias útiles, pero conviene revisar la pertinencia de cada cita. Se agruparon referencias de múltiples fuentes para enriquecer el concepto."
16,philippe meirieu,media,0.2317,0.1721,Meirieu-2020-La-escuela-despues-es.pdf,pdf,p. 5,5,0.1496,tfidf=0.0696; bonus=0.0800,"14/9/26, 14:37 «LA ESCUELA DESPUÉS»… ¿CON LA PEDAGOGÍA DE ANTES? Philippe Meirieu – MCEP trataran con estudiantes concretos, de carne y hueso, con los que se podía establecer una verdadera relación pedagógica, que implicara a toda la persona. Hemos descubierto que cuando esta relación se vuelve aleatoria, descontextualizada, desinstitucionalizada, de hecho se ve obligada a asumir que ha adquirido habilidades que es nuestra responsabilidad ayudarles a adquirir. ¡Qué aprendamos la lección y militemos obstinadamente para que nuestra Escuela deje de seleccionar sobre lo que no forma!",Meirieu_2020_La_escuela_despues_es_36d50aeaf1_b0005_f001,D:\Documentos\AulaTeX-Academico\IIIEPE\maestria-en-enseñanza-y-aprendizaje-de-las-matematicas\fundamentos-para-la-enseñanza-y-el-aprendizaje-I\referencias\lecturas-complementarias\Meirieu-2020-La-escuela-despues-es.pdf,"Meirieu-2020-L-ecole-d-apres.pdf, p. 6; Meirieu-2020-La-escuela-despues-es.pdf, p. 21; Meirieu-2020-La-escuela-despues-es.pdf, p. 22; Meirieu-2020-La-escuela-despues-es.pdf, p. 23; Meirieu-2020-La-escuela-despues-es.pdf, p. 4; Meirieu-2020-La-escuela-despues-es.pdf, p. 5; Meirieu-2020-La-escuela-despues-es.pdf, p. 7","La ficha presenta coincidencias útiles, pero conviene revisar la pertinencia de cada cita. Se agruparon referencias de múltiples fuentes para enriquecer el concepto."
16,philippe meirieu,media,0.2317,0.1721,Meirieu-2020-La-escuela-despues-es.pdf,pdf,p. 4,4,0.1494,tfidf=0.0694; bonus=0.0800,"14/9/26, 14:37 «LA ESCUELA DESPUÉS»… ¿CON LA PEDAGOGÍA DE ANTES? Philippe Meirieu – MCEP «infinitamente compartibles», como decía Fichte, es decir, capaces de hacernos percibir que, a pesar de nuestras diferencias, todos estamos llamados a participar en la construcción de lo común… ¿Seremos escuchados? No lo sé.",Meirieu_2020_La_escuela_despues_es_36d50aeaf1_b0004_f001,D:\Documentos\AulaTeX-Academico\IIIEPE\maestria-en-enseñanza-y-aprendizaje-de-las-matematicas\fundamentos-para-la-enseñanza-y-el-aprendizaje-I\referencias\lecturas-complementarias\Meirieu-2020-La-escuela-despues-es.pdf,"Meirieu-2020-L-ecole-d-apres.pdf, p. 6; Meirieu-2020-La-escuela-despues-es.pdf, p. 21; Meirieu-2020-La-escuela-despues-es.pdf, p. 22; Meirieu-2020-La-escuela-despues-es.pdf, p. 23; Meirieu-2020-La-escuela-despues-es.pdf, p. 4; Meirieu-2020-La-escuela-despues-es.pdf, p. 5; Meirieu-2020-La-escuela-despues-es.pdf, p. 7","La ficha presenta coincidencias útiles, pero conviene revisar la pertinencia de cada cita. Se agruparon referencias de múltiples fuentes para enriquecer el concepto."
17,referencias lecturas-complementarias,media,0.1686,0.161,Meirieu-2020-La-escuela-despues-es.pdf,pdf,p. 2,2,0.1686,tfidf=0.1586; bonus=0.0100,file:///D:/Documentos/AulaTeX-Academico/IIIEPE/maestria-en-ense%C3%B1anza-y-aprendizaje-de-las-matematicas/fundamentos-para-la-ense%C3%B1anza-y-el-aprendizaje-I/referencias/lecturas-complementaria… 2/24,Meirieu_2020_La_escuela_despues_es_36d50aeaf1_b0002_f004,D:\Documentos\AulaTeX-Academico\IIIEPE\maestria-en-enseñanza-y-aprendizaje-de-las-matematicas\fundamentos-para-la-enseñanza-y-el-aprendizaje-I\referencias\lecturas-complementarias\Meirieu-2020-La-escuela-despues-es.pdf,"Meirieu-2020-La-escuela-despues-es.pdf, p. 10; Meirieu-2020-La-escuela-despues-es.pdf, p. 13; Meirieu-2020-La-escuela-despues-es.pdf, p. 15; Meirieu-2020-La-escuela-despues-es.pdf, p. 2; Meirieu-2020-La-escuela-despues-es.pdf, p. 21; Meirieu-2020-La-escuela-despues-es.pdf, p. 4; Meirieu-2020-La-escuela-despues-es.pdf, p. 6; Meirieu-2020-La-escuela-despues-es.pdf, p. 8","La ficha presenta coincidencias útiles, pero conviene revisar la pertinencia de cada cita. Se agruparon varias referencias dentro de la misma fuente."
17,referencias lecturas-complementarias,media,0.1686,0.161,Meirieu-2020-La-escuela-despues-es.pdf,pdf,p. 4,4,0.1686,tfidf=0.1586; bonus=0.0100,file:///D:/Documentos/AulaTeX-Academico/IIIEPE/maestria-en-ense%C3%B1anza-y-aprendizaje-de-las-matematicas/fundamentos-para-la-ense%C3%B1anza-y-el-aprendizaje-I/referencias/lecturas-complementaria… 4/24,Meirieu_2020_La_escuela_despues_es_36d50aeaf1_b0004_f004,D:\Documentos\AulaTeX-Academico\IIIEPE\maestria-en-enseñanza-y-aprendizaje-de-las-matematicas\fundamentos-para-la-enseñanza-y-el-aprendizaje-I\referencias\lecturas-complementarias\Meirieu-2020-La-escuela-despues-es.pdf,"Meirieu-2020-La-escuela-despues-es.pdf, p. 10; Meirieu-2020-La-escuela-despues-es.pdf, p. 13; Meirieu-2020-La-escuela-despues-es.pdf, p. 15; Meirieu-2020-La-escuela-despues-es.pdf, p. 2; Meirieu-2020-La-escuela-despues-es.pdf, p. 21; Meirieu-2020-La-escuela-despues-es.pdf, p. 4; Meirieu-2020-La-escuela-despues-es.pdf, p. 6; Meirieu-2020-La-escuela-despues-es.pdf, p. 8","La ficha presenta coincidencias útiles, pero conviene revisar la pertinencia de cada cita. Se agruparon varias referencias dentro de la misma fuente."
17,referencias lecturas-complementarias,media,0.1686,0.161,Meirieu-2020-La-escuela-despues-es.pdf,pdf,p. 6,6,0.1686,tfidf=0.1586; bonus=0.0100,file:///D:/Documentos/AulaTeX-Academico/IIIEPE/maestria-en-ense%C3%B1anza-y-aprendizaje-de-las-matematicas/fundamentos-para-la-ense%C3%B1anza-y-el-aprendizaje-I/referencias/lecturas-complementaria… 6/24,Meirieu_2020_La_escuela_despues_es_36d50aeaf1_b0006_f004,D:\Documentos\AulaTeX-Academico\IIIEPE\maestria-en-enseñanza-y-aprendizaje-de-las-matematicas\fundamentos-para-la-enseñanza-y-el-aprendizaje-I\referencias\lecturas-complementarias\Meirieu-2020-La-escuela-despues-es.pdf,"Meirieu-2020-La-escuela-despues-es.pdf, p. 10; Meirieu-2020-La-escuela-despues-es.pdf, p. 13; Meirieu-2020-La-escuela-despues-es.pdf, p. 15; Meirieu-2020-La-escuela-despues-es.pdf, p. 2; Meirieu-2020-La-escuela-despues-es.pdf, p. 21; Meirieu-2020-La-escuela-despues-es.pdf, p. 4; Meirieu-2020-La-escuela-despues-es.pdf, p. 6; Meirieu-2020-La-escuela-despues-es.pdf, p. 8","La ficha presenta coincidencias útiles, pero conviene revisar la pertinencia de cada cita. Se agruparon varias referencias dentro de la misma fuente."
17,referencias lecturas-complementarias,media,0.1686,0.161,Meirieu-2020-La-escuela-despues-es.pdf,pdf,p. 8,8,0.1572,tfidf=0.1472; bonus=0.0100,Política de cookies file:///D:/Documentos/AulaTeX-Academico/IIIEPE/maestria-en-ense%C3%B1anza-y-aprendizaje-de-las-matematicas/fundamentos-para-la-ense%C3%B1anza-y-el-aprendizaje-I/referencias/lecturas-complementaria… 8/24,Meirieu_2020_La_escuela_despues_es_36d50aeaf1_b0008_f003,D:\Documentos\AulaTeX-Academico\IIIEPE\maestria-en-enseñanza-y-aprendizaje-de-las-matematicas\fundamentos-para-la-enseñanza-y-el-aprendizaje-I\referencias\lecturas-complementarias\Meirieu-2020-La-escuela-despues-es.pdf,"Meirieu-2020-La-escuela-despues-es.pdf, p. 10; Meirieu-2020-La-escuela-despues-es.pdf, p. 13; Meirieu-2020-La-escuela-despues-es.pdf, p. 15; Meirieu-2020-La-escuela-despues-es.pdf, p. 2; Meirieu-2020-La-escuela-despues-es.pdf, p. 21; Meirieu-2020-La-escuela-despues-es.pdf, p. 4; Meirieu-2020-La-escuela-despues-es.pdf, p. 6; Meirieu-2020-La-escuela-despues-es.pdf, p. 8","La ficha presenta coincidencias útiles, pero conviene revisar la pertinencia de cada cita. Se agruparon varias referencias dentro de la misma fuente."
17,referencias lecturas-complementarias,media,0.1686,0.161,Meirieu-2020-La-escuela-despues-es.pdf,pdf,p. 21,21,0.1564,tfidf=0.1464; bonus=0.0100,file:///D:/Documentos/AulaTeX-Academico/IIIEPE/maestria-en-ense%C3%B1anza-y-aprendizaje-de-las-matematicas/fundamentos-para-la-ense%C3%B1anza-y-el-aprendizaje-I/referencias/lecturas-complementari… 21/24,Meirieu_2020_La_escuela_despues_es_36d50aeaf1_b0021_f002,D:\Documentos\AulaTeX-Academico\IIIEPE\maestria-en-enseñanza-y-aprendizaje-de-las-matematicas\fundamentos-para-la-enseñanza-y-el-aprendizaje-I\referencias\lecturas-complementarias\Meirieu-2020-La-escuela-despues-es.pdf,"Meirieu-2020-La-escuela-despues-es.pdf, p. 10; Meirieu-2020-La-escuela-despues-es.pdf, p. 13; Meirieu-2020-La-escuela-despues-es.pdf, p. 15; Meirieu-2020-La-escuela-despues-es.pdf, p. 2; Meirieu-2020-La-escuela-despues-es.pdf, p. 21; Meirieu-2020-La-escuela-despues-es.pdf, p. 4; Meirieu-2020-La-escuela-despues-es.pdf, p. 6; Meirieu-2020-La-escuela-despues-es.pdf, p. 8","La ficha presenta coincidencias útiles, pero conviene revisar la pertinencia de cada cita. Se agruparon varias referencias dentro de la misma fuente."
17,referencias lecturas-complementarias,media,0.1686,0.161,Meirieu-2020-La-escuela-despues-es.pdf,pdf,p. 15,15,0.1563,tfidf=0.1463; bonus=0.0100,file:///D:/Documentos/AulaTeX-Academico/IIIEPE/maestria-en-ense%C3%B1anza-y-aprendizaje-de-las-matematicas/fundamentos-para-la-ense%C3%B1anza-y-el-aprendizaje-I/referencias/lecturas-complementari… 15/24,Meirieu_2020_La_escuela_despues_es_36d50aeaf1_b0015_f003,D:\Documentos\AulaTeX-Academico\IIIEPE\maestria-en-enseñanza-y-aprendizaje-de-las-matematicas\fundamentos-para-la-enseñanza-y-el-aprendizaje-I\referencias\lecturas-complementarias\Meirieu-2020-La-escuela-despues-es.pdf,"Meirieu-2020-La-escuela-despues-es.pdf, p. 10; Meirieu-2020-La-escuela-despues-es.pdf, p. 13; Meirieu-2020-La-escuela-despues-es.pdf, p. 15; Meirieu-2020-La-escuela-despues-es.pdf, p. 2; Meirieu-2020-La-escuela-despues-es.pdf, p. 21; Meirieu-2020-La-escuela-despues-es.pdf, p. 4; Meirieu-2020-La-escuela-despues-es.pdf, p. 6; Meirieu-2020-La-escuela-despues-es.pdf, p. 8","La ficha presenta coincidencias útiles, pero conviene revisar la pertinencia de cada cita. Se agruparon varias referencias dentro de la misma fuente."
17,referencias lecturas-complementarias,media,0.1686,0.161,Meirieu-2020-La-escuela-despues-es.pdf,pdf,p. 13,13,0.1562,tfidf=0.1462; bonus=0.0100,file:///D:/Documentos/AulaTeX-Academico/IIIEPE/maestria-en-ense%C3%B1anza-y-aprendizaje-de-las-matematicas/fundamentos-para-la-ense%C3%B1anza-y-el-aprendizaje-I/referencias/lecturas-complementari… 13/24,Meirieu_2020_La_escuela_despues_es_36d50aeaf1_b0013_f003,D:\Documentos\AulaTeX-Academico\IIIEPE\maestria-en-enseñanza-y-aprendizaje-de-las-matematicas\fundamentos-para-la-enseñanza-y-el-aprendizaje-I\referencias\lecturas-complementarias\Meirieu-2020-La-escuela-despues-es.pdf,"Meirieu-2020-La-escuela-despues-es.pdf, p. 10; Meirieu-2020-La-escuela-despues-es.pdf, p. 13; Meirieu-2020-La-escuela-despues-es.pdf, p. 15; Meirieu-2020-La-escuela-despues-es.pdf, p. 2; Meirieu-2020-La-escuela-despues-es.pdf, p. 21; Meirieu-2020-La-escuela-despues-es.pdf, p. 4; Meirieu-2020-La-escuela-despues-es.pdf, p. 6; Meirieu-2020-La-escuela-despues-es.pdf, p. 8","La ficha presenta coincidencias útiles, pero conviene revisar la pertinencia de cada cita. Se agruparon varias referencias dentro de la misma fuente."
17,referencias lecturas-complementarias,media,0.1686,0.161,Meirieu-2020-La-escuela-despues-es.pdf,pdf,p. 10,10,0.1558,tfidf=0.1458; bonus=0.0100,file:///D:/Documentos/AulaTeX-Academico/IIIEPE/maestria-en-ense%C3%B1anza-y-aprendizaje-de-las-matematicas/fundamentos-para-la-ense%C3%B1anza-y-el-aprendizaje-I/referencias/lecturas-complementari… 10/24,Meirieu_2020_La_escuela_despues_es_36d50aeaf1_b0010_f003,D:\Documentos\AulaTeX-Academico\IIIEPE\maestria-en-enseñanza-y-aprendizaje-de-las-matematicas\fundamentos-para-la-enseñanza-y-el-aprendizaje-I\referencias\lecturas-complementarias\Meirieu-2020-La-escuela-despues-es.pdf,"Meirieu-2020-La-escuela-despues-es.pdf, p. 10; Meirieu-2020-La-escuela-despues-es.pdf, p. 13; Meirieu-2020-La-escuela-despues-es.pdf, p. 15; Meirieu-2020-La-escuela-despues-es.pdf, p. 2; Meirieu-2020-La-escuela-despues-es.pdf, p. 21; Meirieu-2020-La-escuela-despues-es.pdf, p. 4; Meirieu-2020-La-escuela-despues-es.pdf, p. 6; Meirieu-2020-La-escuela-despues-es.pdf, p. 8","La ficha presenta coincidencias útiles, pero conviene revisar la pertinencia de cada cita. Se agruparon varias referencias dentro de la misma fuente."
18,sciences research,media,0.2611,0.2168,Sawyer-2008-Optimizing-learning.pdf,pdf,p. 47,47,0.2611,tfidf=0.1811; bonus=0.0800,"CHAPTER 2. OPTIMISING LEARNING: IMPLICATIONS OF LEARNING SCIENCES RESEARCH – 45 Chapter 2 Optimising Learning Implications of Learning Sciences Research by R. Keith Sawyer1 This chapter introduces the field of learning sciences, and outlines some of its key findings in recent years.",Sawyer_2008_Optimizing_learning_7b85d8e009_b0047_f001,D:\Documentos\AulaTeX-Academico\IIIEPE\maestria-en-enseñanza-y-aprendizaje-de-las-matematicas\fundamentos-para-la-enseñanza-y-el-aprendizaje-I\referencias\lecturas-complementarias\Sawyer-2008-Optimizing-learning.pdf,"Sawyer-2008-Optimizing-learning.pdf, p. 47; Sawyer-2008-Optimizing-learning.pdf, p. 48; Sawyer-2008-Optimizing-learning.pdf, p. 52; Sawyer-2008-Optimizing-learning.pdf, p. 54; Sawyer-2008-Optimizing-learning.pdf, p. 55; Sawyer-2008-Optimizing-learning.pdf, p. 56; Sawyer-2008-Optimizing-learning.pdf, p. 58; Sawyer-2008-Optimizing-learning.pdf, p. 60","La ficha presenta coincidencias útiles, pero conviene revisar la pertinencia de cada cita. Se agruparon varias referencias dentro de la misma fuente."
18,sciences research,media,0.2611,0.2168,Sawyer-2008-Optimizing-learning.pdf,pdf,p. 56,56,0.2592,tfidf=0.1792; bonus=0.0800,"2.5. Design principles from the learning sciences Research emerging from the learning sciences is still too premature to specify a single, well articulated alternative model of schooling. However, learning sciences findings imply several principles that can be used to guide the development of new models of schooling that are more closely aligned with the innovation economy.",Sawyer_2008_Optimizing_learning_7b85d8e009_b0056_f002,D:\Documentos\AulaTeX-Academico\IIIEPE\maestria-en-enseñanza-y-aprendizaje-de-las-matematicas\fundamentos-para-la-enseñanza-y-el-aprendizaje-I\referencias\lecturas-complementarias\Sawyer-2008-Optimizing-learning.pdf,"Sawyer-2008-Optimizing-learning.pdf, p. 47; Sawyer-2008-Optimizing-learning.pdf, p. 48; Sawyer-2008-Optimizing-learning.pdf, p. 52; Sawyer-2008-Optimizing-learning.pdf, p. 54; Sawyer-2008-Optimizing-learning.pdf, p. 55; Sawyer-2008-Optimizing-learning.pdf, p. 56; Sawyer-2008-Optimizing-learning.pdf, p. 58; Sawyer-2008-Optimizing-learning.pdf, p. 60","La ficha presenta coincidencias útiles, pero conviene revisar la pertinencia de cada cita. Se agruparon varias referencias dentro de la misma fuente."
18,sciences research,media,0.2611,0.2168,Sawyer-2008-Optimizing-learning.pdf,pdf,p. 58,58,0.2256,tfidf=0.1456; bonus=0.0800,"56 – CHAPTER 2. OPTIMISING LEARNING: IMPLICATIONS OF LEARNING SCIENCES RESEARCH At the same time, learning sciences research is showing that collaborating student groups can accelerate learning (Sawyer, 2006a). Here is a case where learning sciences research supports increased classroom collaboration, and the innovation economy, as well, demands graduates who are highly skilled at creating together in groups (Sawyer, 2007).",Sawyer_2008_Optimizing_learning_7b85d8e009_b0058_f001,D:\Documentos\AulaTeX-Academico\IIIEPE\maestria-en-enseñanza-y-aprendizaje-de-las-matematicas\fundamentos-para-la-enseñanza-y-el-aprendizaje-I\referencias\lecturas-complementarias\Sawyer-2008-Optimizing-learning.pdf,"Sawyer-2008-Optimizing-learning.pdf, p. 47; Sawyer-2008-Optimizing-learning.pdf, p. 48; Sawyer-2008-Optimizing-learning.pdf, p. 52; Sawyer-2008-Optimizing-learning.pdf, p. 54; Sawyer-2008-Optimizing-learning.pdf, p. 55; Sawyer-2008-Optimizing-learning.pdf, p. 56; Sawyer-2008-Optimizing-learning.pdf, p. 58; Sawyer-2008-Optimizing-learning.pdf, p. 60","La ficha presenta coincidencias útiles, pero conviene revisar la pertinencia de cada cita. Se agruparon varias referencias dentro de la misma fuente."
18,sciences research,media,0.2611,0.2168,Sawyer-2008-Optimizing-learning.pdf,pdf,p. 60,60,0.2118,tfidf=0.1318; bonus=0.0800,"58 – CHAPTER 2. OPTIMISING LEARNING: IMPLICATIONS OF LEARNING SCIENCES RESEARCH mathematics tests do not assess model-based reasoning (Lehrer and Schauble, 2006); science tests do not assess whether pre-existing misconceptions have indeed been left behind (diSessa, 2006; Linn, 2006) nor do they assess problem-solving or inquiry skills (Krajcik and Blumenfeld, 2006). As long as schools are evaluated on how well their students do on such tests, it will be difficult for them to leave the standard model behind.",Sawyer_2008_Optimizing_learning_7b85d8e009_b0060_f001,D:\Documentos\AulaTeX-Academico\IIIEPE\maestria-en-enseñanza-y-aprendizaje-de-las-matematicas\fundamentos-para-la-enseñanza-y-el-aprendizaje-I\referencias\lecturas-complementarias\Sawyer-2008-Optimizing-learning.pdf,"Sawyer-2008-Optimizing-learning.pdf, p. 47; Sawyer-2008-Optimizing-learning.pdf, p. 48; Sawyer-2008-Optimizing-learning.pdf, p. 52; Sawyer-2008-Optimizing-learning.pdf, p. 54; Sawyer-2008-Optimizing-learning.pdf, p. 55; Sawyer-2008-Optimizing-learning.pdf, p. 56; Sawyer-2008-Optimizing-learning.pdf, p. 58; Sawyer-2008-Optimizing-learning.pdf, p. 60","La ficha presenta coincidencias útiles, pero conviene revisar la pertinencia de cada cita. Se agruparon varias referencias dentro de la misma fuente."
18,sciences research,media,0.2611,0.2168,Sawyer-2008-Optimizing-learning.pdf,pdf,p. 54,54,0.2082,tfidf=0.1282; bonus=0.0800,"Constructivism explains why students often do not learn deeply by listening to a teacher, or reading from a textbook. Learning sciences research is revealing the deeper underlying bases of how knowledge construction works. To design effective learning environments, one needs a very good understanding of what children know when they come to the classroom.",Sawyer_2008_Optimizing_learning_7b85d8e009_b0054_f002,D:\Documentos\AulaTeX-Academico\IIIEPE\maestria-en-enseñanza-y-aprendizaje-de-las-matematicas\fundamentos-para-la-enseñanza-y-el-aprendizaje-I\referencias\lecturas-complementarias\Sawyer-2008-Optimizing-learning.pdf,"Sawyer-2008-Optimizing-learning.pdf, p. 47; Sawyer-2008-Optimizing-learning.pdf, p. 48; Sawyer-2008-Optimizing-learning.pdf, p. 52; Sawyer-2008-Optimizing-learning.pdf, p. 54; Sawyer-2008-Optimizing-learning.pdf, p. 55; Sawyer-2008-Optimizing-learning.pdf, p. 56; Sawyer-2008-Optimizing-learning.pdf, p. 58; Sawyer-2008-Optimizing-learning.pdf, p. 60","La ficha presenta coincidencias útiles, pero conviene revisar la pertinencia de cada cita. Se agruparon varias referencias dentro de la misma fuente."
18,sciences research,media,0.2611,0.2168,Sawyer-2008-Optimizing-learning.pdf,pdf,p. 48,48,0.1964,tfidf=0.1164; bonus=0.0800,"46 – CHAPTER 2. OPTIMISING LEARNING: IMPLICATIONS OF LEARNING SCIENCES RESEARCH researchers in these fields who were studying learning realised that they needed to develop new scientific approaches that went beyond what their own discipline could offer, and to collaborate with other disciplines. Learning sciences was born in 1991, when the first international conference was held, and the Journal of the Learning Sciences was first published.",Sawyer_2008_Optimizing_learning_7b85d8e009_b0048_f001,D:\Documentos\AulaTeX-Academico\IIIEPE\maestria-en-enseñanza-y-aprendizaje-de-las-matematicas\fundamentos-para-la-enseñanza-y-el-aprendizaje-I\referencias\lecturas-complementarias\Sawyer-2008-Optimizing-learning.pdf,"Sawyer-2008-Optimizing-learning.pdf, p. 47; Sawyer-2008-Optimizing-learning.pdf, p. 48; Sawyer-2008-Optimizing-learning.pdf, p. 52; Sawyer-2008-Optimizing-learning.pdf, p. 54; Sawyer-2008-Optimizing-learning.pdf, p. 55; Sawyer-2008-Optimizing-learning.pdf, p. 56; Sawyer-2008-Optimizing-learning.pdf, p. 58; Sawyer-2008-Optimizing-learning.pdf, p. 60","La ficha presenta coincidencias útiles, pero conviene revisar la pertinencia de cada cita. Se agruparon varias referencias dentro de la misma fuente."
18,sciences research,media,0.2611,0.2168,Sawyer-2008-Optimizing-learning.pdf,pdf,p. 52,52,0.1907,tfidf=0.1107; bonus=0.0800,50 – CHAPTER 2. OPTIMISING LEARNING: IMPLICATIONS OF LEARNING SCIENCES RESEARCH creative professionals who can develop new knowledge and continually further their own understanding. 2.4.,Sawyer_2008_Optimizing_learning_7b85d8e009_b0052_f001,D:\Documentos\AulaTeX-Academico\IIIEPE\maestria-en-enseñanza-y-aprendizaje-de-las-matematicas\fundamentos-para-la-enseñanza-y-el-aprendizaje-I\referencias\lecturas-complementarias\Sawyer-2008-Optimizing-learning.pdf,"Sawyer-2008-Optimizing-learning.pdf, p. 47; Sawyer-2008-Optimizing-learning.pdf, p. 48; Sawyer-2008-Optimizing-learning.pdf, p. 52; Sawyer-2008-Optimizing-learning.pdf, p. 54; Sawyer-2008-Optimizing-learning.pdf, p. 55; Sawyer-2008-Optimizing-learning.pdf, p. 56; Sawyer-2008-Optimizing-learning.pdf, p. 58; Sawyer-2008-Optimizing-learning.pdf, p. 60","La ficha presenta coincidencias útiles, pero conviene revisar la pertinencia de cada cita. Se agruparon varias referencias dentro de la misma fuente."
18,sciences research,media,0.2611,0.2168,Sawyer-2008-Optimizing-learning.pdf,pdf,p. 55,55,0.1815,tfidf=0.1015; bonus=0.0800,"One of the most important topics of learning sciences research is how to support students in this ongoing process of articulation and reflection, and which forms of articulation and reflection are the most beneficial to learning. The learning sciences have discovered that articulation is more effective if it is scaffolded – channelled so that certain kinds of knowledge INNOVATING TO LEARN, LEARNING TO INNOVATE – ISBN-978-92-64-04797-6 © OECD 2008",Sawyer_2008_Optimizing_learning_7b85d8e009_b0055_f003,D:\Documentos\AulaTeX-Academico\IIIEPE\maestria-en-enseñanza-y-aprendizaje-de-las-matematicas\fundamentos-para-la-enseñanza-y-el-aprendizaje-I\referencias\lecturas-complementarias\Sawyer-2008-Optimizing-learning.pdf,"Sawyer-2008-Optimizing-learning.pdf, p. 47; Sawyer-2008-Optimizing-learning.pdf, p. 48; Sawyer-2008-Optimizing-learning.pdf, p. 52; Sawyer-2008-Optimizing-learning.pdf, p. 54; Sawyer-2008-Optimizing-learning.pdf, p. 55; Sawyer-2008-Optimizing-learning.pdf, p. 56; Sawyer-2008-Optimizing-learning.pdf, p. 58; Sawyer-2008-Optimizing-learning.pdf, p. 60","La ficha presenta coincidencias útiles, pero conviene revisar la pertinencia de cada cita. Se agruparon varias referencias dentro de la misma fuente."
19,tensiones alcances,sin hallazgos,0.0,0.0,,,,,,,,,,Sin ubicaciones detectadas,No se localizaron fragmentos por encima del umbral configurado. Conviene revisar el concepto o ampliar el corpus.
20,textuales atribuciones,sin hallazgos,0.0,0.0,,,,,,,,,,Sin ubicaciones detectadas,No se localizaron fragmentos por encima del umbral configurado. Conviene revisar el concepto o ampliar el corpus.
